,read_id,is_reversed,position,alignment_score,transcript
0,SRR316957.3748,False,760,0,1I1M1I1M1I1M1D1M1D1M1D1M1D1M1D1M1D1M1D1M1D1M1D1M1D1M1D1M1D1M1D1M1D1M1D1M1D1M1D1M1D1M1D1M1D1M1D1M1D1M1D1M1D1M1D1M1D1M1D1M1D1M1D1M1D1M1D1M1D1M1D1M1D1M1D1M1D1M1D1M1D1M1D1M1D1M1D1M1D1M1D1M1D1M1D1M1D1M1D1M1D1M1D1M1D1M1D1M1D1M1D1M1D1M1D1M1D1M1D1M1D1M1D1M1D1M1D1M1D1M1D1M1D1M1D1M1D1M1D1M1D1M1D1M1D1M
1,SRR316957.10370,False,2610,0,1I1M1I1M1I1M1D1M1D1M1D1M1D1M1D1M1D1M1D1M1D1M1D1M1D1M1D1M1D1M1D1M1D1M1D1M1D1M1D1M1D1M1D1M1D1M1D1M1D1M1D1M1D1M1D1M1D1M1D1M1D1M1D1M1D1M1D1M1D1M1D1M1D1M1D1M1D1M1D1M1D1M1D1M1D1M1D1M1D1M1D1M1D1M1D1M1D1M1D1M1D1M1D1M1D1M1D1M1D1M1D1M1D1M1D1M1D1M1D1M1D1M1D1M1D1M1D1M1D1M1D1M1D1M1D1M1D1M1D1M1D1M1D1M1D1M
2,SRR316957.13555,False,3301,0,1I1M1I1M1I1M1D1M1D1M1D1M1D1M1D1M1D1M1D1M1D1M1D1M1D1M1D1M1D1M1D1M1D1M1D1M1D1M1D1M1D1M1D1M1D1M1D1M1D1M1D1M1D1M1D1M1D1M1D1M1D1M1D1M1D1M1D1M1D1M1D1M1D1M1D1M1D1M1D1M1D1M1D1M1D1M1D1M1D1M1D1M1D1M1D1M1D1M1D1M1D1M1D1M1D1M1D1M1D1M1D1M1D1M1D1M1D1M1D1M1D1M1D1M1D1M1D1M1D1M1D1M1D1M1D1M1D1M1D1M1D1M1D1M1D1M
3,SRR316957.92287,False,4647,0,1I1M1I1M1I1M1D1M1D1M1D1M1D1M1D1M1D1M1D1M1D1M1D1M1D1M1D1M1D1M1D1M1D1M1D1M1D1M1D1M1D1M1D1M1D1M1D1M1D1M1D1M1D1M1D1M1D1M1D1M1D1M1D1M1D1M1D1M1D1M1D1M1D1M1D1M1D1M1D1M1D1M1D1M1D1M1D1M1D1M1D1M1D1M1D1M1D1M1D1M1D1M1D1M1D1M1D1M1D1M1D1M1D1M1D1M1D1M1D1M1D1M1D1M1D1M1D1M1D1M1D1M1D1M1D1M1D1M1D1M1D1M1D1M1D1M
4,SRR316957.108737,True,3222,0,1I1M1I1M1I1M1I1M1I1M1I1M1I1M1I1M1I1M1I1M1I1M1I1M1I1M1I1M1I1M1I1M1D1M1D1M1D1M1D1M1D1M1D1M1D1M1D1M1D1M1D1M1D1M1D1M1D1M1D1M1D1M1D1M1D1M1D1M1D1M1D1M1D1M1D1M1D1M1D1M1D1M1D1M1D1M1D1M1D1M1D1M1D1M1D1M1D1M1D1M1D1M1D1M1D1M1D1M1D1M1D1M1D1M1D1M1D1M1D1M
5,SRR316957.176167,True,9366,0,1I1M1I1M1I1M1D1M1D1M1D1M1D1M1D1M1D1M1D1M1D1M1D1M1D1M1D1M1D1M1D1M1D1M1D1M1D1M1D1M1D1M1D1M1D1M1D1M1D1M1D1M1D1M1D1M1D1M1D1M1D1M1D1M1D1M1D1M1D1M1D1M1D1M1D1M1D1M1D1M1D1M1D1M1D1M1D1M1D1M1D1M1D1M1D1M1D1M1D1M1D1M1D1M1D1M1D1M1D1M1D1M1D1M1D1M1D1M1D1M1D1M1D1M1D1M1D1M1D1M1D1M1D1M1D1M1D1M1D1M1D1M1D1M1D1M
6,SRR316957.195283,True,9342,0,1I1M1I1M1I1M1D1M1D1M1D1M1D1M1D1M1D1M1D1M1D1M1D1M1D1M1D1M1D1M1D1M1D1M1D1M1D1M1D1M1D1M1D1M1D1M1D1M1D1M1D1M1D1M1D1M1D1M1D1M1D1M1D1M1D1M1D1M1D1M1D1M1D1M1D1M1D1M1D1M1D1M1D1M1D1M1D1M1D1M1D1M1D1M1D1M1D1M1D1M1D1M1D1M1D1M1D1M1D1M1D1M1D1M1D1M1D1M1D1M1D1M1D1M1D1M1D1M1D1M1D1M1D1M1D1M1D1M1D1M1D1M1D1M1D1M
7,SRR316957.252299,True,2586,0,1I1M1I1M1I1M1D1M1D1M1D1M1D1M1D1M1D1M1D1M1D1M1D1M1D1M1D1M1D1M1D1M1D1M1D1M1D1M1D1M1D1M1D1M1D1M1D1M1D1M1D1M1D1M1D1M1D1M1D1M1D1M1D1M1D1M1D1M1D1M1D1M1D1M1D1M1D1M1D1M1D1M1D1M1D1M1D1M1D1M1D1M1D1M1D1M1D1M1D1M1D1M1D1M1D1M1D1M1D1M1D1M1D1M1D1M1D1M1D1M1D1M1D1M1D1M1D1M1D1M1D1M1D1M1D1M1D1M1D1M1D1M1D1M1D1M
8,SRR316957.272938,True,8030,0,1I1M1I1M1I1M1D1M1D1M1D1M1D1M1D1M1D1M1D1M1D1M1D1M1D1M1D1M1D1M1D1M1D1M1D1M1D1M1D1M1D1M1D1M1D1M1D1M1D1M1D1M1D1M1D1M1D1M1D1M1D1M1D1M1D1M1D1M1D1M1D1M1D1M1D1M1D1M1D1M1D1M1D1M1D1M1D1M1D1M1D1M1D1M1D1M1D1M1D1M1D1M1D1M1D1M1D1M1D1M1D1M1D1M1D1M1D1M1D1M1D1M1D1M1D1M1D1M1D1M1D1M1D1M1D1M1D1M1D1M1D1M1D1M1D1M
9,SRR316957.291366,False,4795,0,1I1M1I1M1I1M1I1M1D1M1D1M1D1M1D1M1D1M1D1M1D1M1D1M1D1M1D1M1D1M1D1M1D1M1D1M1D1M1D1M1D1M1D1M1D1M1D1M1D1M1D1M1D1M1D1M1D1M1D1M1D1M1D1M1D1M1D1M1D1M1D1M1D1M1D1M1D1M1D1M1D1M1D1M1D1M1D1M1D1M1D1M1D1M1D1M1D1M1D1M1D1M1D1M1D1M1D1M1D1M1D1M1D1M1D1M1D1M1D1M1D1M1D1M1D1M1D1M1D1M1D1M1D1M1D1M1D1M1D1M1D1M1D1M
10,SRR316957.322453,True,2588,0,1I1M1I1M1I1M1D1M1D1M1D1M1D1M1D1M1D1M1D1M1D1M1D1M1D1M1D1M1D1M1D1M1D1M1D1M1D1M1D1M1D1M1D1M1D1M1D1M1D1M1D1M1D1M1D1M1D1M1D1M1D1M1D1M1D1M1D1M1D1M1D1M1D1M1D1M1D1M1D1M1D1M1D1M1D1M1D1M1D1M1D1M1D1M1D1M1D1M1D1M1D1M1D1M1D1M1D1M1D1M1D1M1D1M1D1M1D1M1D1M1D1M1D1M1D1M1D1M1D1M1D1M1D1M1D1M1D1M1D1M1D1M1D1M1D1M
11,SRR316957.349515,True,7206,0,1I1M1I1M1I1M1D1M1D1M1D1M1D1M1D1M1D1M1D1M1D1M1D1M1D1M1D1M1D1M1D1M1D1M1D1M1D1M1D1M1D1M1D1M1D1M1D1M1D1M1D1M1D1M1D1M1D1M1D1M1D1M1D1M1D1M1D1M1D1M1D1M1D1M1D1M1D1M1D1M1D1M1D1M1D1M1D1M1D1M1D1M1D1M1D1M1D1M1D1M1D1M1D1M1D1M1D1M1D1M1D1M1D1M1D1M1D1M1D1M1D1M1D1M1D1M1D1M1D1M1D1M1D1M1D1M1D1M1D1M1D1M1D1M1D1M
12,SRR316957.361216,True,3165,0,1I1M1I1M1I1M1I1M1D1M1I1M1D1M1I1M1D1M1I1M1D1M1I1M1D1M1I1M1D1M1I1M1D1M1I1M1D1M1I1M1D1M1I1M1D1M1I1M1D1M1I1M1D1M1I1M1D1M1I1M1D1M1I1M1D1M1I1M1D1M1I1M1D1M1I1M1D1M1I1M1D1M1I1M1D1M1I1M1D1M1I1M1D1M1D1M1D1M1D2M
13,SRR316957.404169,False,8222,0,1I1M1I1M1I1M1I1M1D1M1I1M1D1M1I1M1D1M1I1M1D1M1I1M1D1M1I1M1D1M1I1M1D1M1I1M1D1M1I1M1D1M1I1M1D1M1I1M1D1M1I1M1D1M1I1M1D1M1I1M1D1M1I1M1D1M1I1M1D1M1I1M1D1M1I1M1D1M1I1M1D1M1I1M1D1M1I1M1D1M1I1M1D1M1D1M1D1M1D2M
14,SRR316957.440650,True,6035,0,1I1M1I1M1I1M1I1M1I1M1D1M1I1M1D1M1I1M1D1M1I1M1D1M1I1M1D1M1I1M1D1M1I1M1D1M1I1M1D1M1I1M1D1M1I1M1D1M1I1M1D1M1I1M1D1M1I1M1D1M1I1M1D1M1I1M1D1M1I1M1D1M1I1M1D1M1I1M1D1M1I1M1D1M1I1M1D1M1I1M1D1M1D1M1D1M1D1M1D1M1D1M
15,SRR316957.468010,True,904,0,1I1M1I1M1I1M1D1M1D1M1D1M1D1M1D1M1D1M1D1M1D1M1D1M1D1M1D1M1D1M1D1M1D1M1D1M1D1M1D1M1D1M1D1M1D1M1D1M1D1M1D1M1D1M1D1M1D1M1D1M1D1M1D1M1D1M1D1M1D1M1D1M1D1M1D1M1D1M1D1M1D1M1D1M1D1M1D1M1D1M1D1M1D1M1D1M1D1M1D1M1D1M1D1M1D1M1D1M1D1M1D1M1D1M1D1M1D1M1D1M1D1M1D1M1D1M1D1M1D1M1D1M1D1M1D1M1D1M1D1M1D1M1D1M1D1M
16,SRR316957.518689,False,2847,0,1I1M1I1M1I1M1D1M1D1M1D1M1D1M1D1M1D1M1D1M1D1M1D1M1D1M1D1M1D1M1D1M1D1M1D1M1D1M1D1M1D1M1D1M1D1M1D1M1D1M1D1M1D1M1D1M1D1M1D1M1D1M1D1M1D1M1D1M1D1M1D1M1D1M1D1M1D1M1D1M1D1M1D1M1D1M1D1M1D1M1D1M1D1M1D1M1D1M1D1M1D1M1D1M1D1M1D1M1D1M1D1M1D1M1D1M1D1M1D1M1D1M1D1M1D1M1D1M1D1M1D1M1D1M1D1M1D1M1D1M1D1M1D1M1D1M
17,SRR316957.526707,True,3195,0,1I1M1I1M1I1M1I1M1I1M1I1M1I1M1I1M1I1M1I1M1I1M1I1M1I1M1I1M1I1M1I1M1D1M1D1M1D1M1D1M1D1M1D1M1D1M1D1M1D1M1D1M1D1M1D1M1D1M1D1M1D1M1D1M1D1M1D1M1D1M1D1M1D1M1D1M1D1M1D1M1D1M1D1M1D1M1D1M1D1M1D1M1D1M1D1M1D1M1D1M1D1M1D1M1D1M1D1M1D1M1D1M1D1M1D1M1D1M1D1M
18,SRR316957.568320,False,6385,0,1I1M1I1M1I1M1D1M1D1M1D1M1D1M1D1M1D1M1D1M1D1M1D1M1D1M1D1M1D1M1D1M1D1M1D1M1D1M1D1M1D1M1D1M1D1M1D1M1D1M1D1M1D1M1D1M1D1M1D1M1D1M1D1M1D1M1D1M1D1M1D1M1D1M1D1M1D1M1D1M1D1M1D1M1D1M1D1M1D1M1D1M1D1M1D1M1D1M1D1M1D1M1D1M1D1M1D1M1D1M1D1M1D1M1D1M1D1M1D1M1D1M1D1M1D1M1D1M1D1M1D1M1D1M1D1M1D1M1D1M1D1M1D2M
19,SRR316957.596708,False,5861,0,1I1M1I1M1I1M1I1M1D1M1I1M1D1M1I1M1D1M1I1M1D1M1I1M1D1M1I1M1D1M1I1M1D1M1I1M1D1M1I1M1D1M1I1M1D1M1I1M1D1M1I1M1D1M1I1M1D1M1I1M1D1M1I1M1D1M1I1M1D1M1I1M1D1M1I1M1D1M1I1M1D1M1I1M1D1M1I1M1D1M1I1M1D1M1D1M1D1M1D2M
20,SRR316957.603527,True,9334,0,1I1M1I1M1I1M1D1M1D1M1D1M1D1M1D1M1D1M1D1M1D1M1D1M1D1M1D1M1D1M1D1M1D1M1D1M1D1M1D1M1D1M1D1M1D1M1D1M1D1M1D1M1D1M1D1M1D1M1D1M1D1M1D1M1D1M1D1M1D1M1D1M1D1M1D1M1D1M1D1M1D1M1D1M1D1M1D1M1D1M1D1M1D1M1D1M1D1M1D1M1D1M1D1M1D1M1D1M1D1M1D1M1D1M1D1M1D1M1D1M1D1M1D1M1D1M1D1M1D1M1D1M1D1M1D1M1D1M1D1M1D1M1D1M1D1M
21,SRR316957.625801,False,3133,0,1I1M1I1M1I1M1I1M1D1M1I1M1D1M1I1M1D1M1I1M1D1M1I1M1D1M1I1M1D1M1I1M1D1M1I1M1D1M1I1M1D1M1I1M1D1M1I1M1D1M1I1M1D1M1I1M1D1M1I1M1D1M1I1M1D1M1I1M1D1M1I1M1D1M1I1M1D1M1I1M1D1M1I1M1D1M1I1M1D1M1I1M1D1M1D1M1D1M1D2M
22,SRR316957.705832,False,5881,0,1I1M1I1M1I1M1I1M1I1M1I1M1I1M1I1M1I1M1I1M1I1M1I1M1I1M1I1M1I1M1I1M1I1M1D1M1D1M1D1M1D1M1D1M1D1M1D1M1D1M1D1M1D1M1D1M1D1M1D1M1D1M1D1M1D1M1D1M1D1M1D1M1D1M1D1M1D1M1D1M1D1M1D1M1D1M1D1M1D1M1D1M1D1M1D1M1D1M1D1M1D1M1D1M1D1M1D1M1D1M1D1M1D1M1D1M1D1M
23,SRR316957.761193,True,3092,0,1I1M1I1M1I1M1D1M1D1M1D1M1D1M1D1M1D1M1D1M1D1M1D1M1D1M1D1M1D1M1D1M1D1M1D1M1D1M1D1M1D1M1D1M1D1M1D1M1D1M1D1M1D1M1D1M1D1M1D1M1D1M1D1M1D1M1D1M1D1M1D1M1D1M1D1M1D1M1D1M1D1M1D1M1D1M1D1M1D1M1D1M1D1M1D1M1D1M1D1M1D1M1D1M1D1M1D1M1D1M1D1M1D1M1D1M1D1M1D1M1D1M1D1M1D1M1D1M1D1M1D1M1D1M1D1M1D1M1D1M1D1M1D1M1D1M
24,SRR316957.778303,True,3189,0,1I1M1I1M1I1M1I1M1I1M1I1M1I1M1I1M1I1M1I1M1D1M1D1M1D1M1D1M1D1M1D1M1D1M1D1M1D1M1D1M1D1M1D1M1D1M1D1M1D1M1D1M1D1M1D1M1D1M1D1M1D1M1D1M1D1M1D1M1D1M1D1M1D1M1D1M1D1M1D1M1D1M1D1M1D1M1D1M1D1M1D1M1D1M1D1M1D1M1D1M1D1M1D1M1D1M1D1M1D1M1D1M1D1M1D1M1D1M1D1M1D1M1D1M1D1M1D1M1D1M1D1M
25,SRR316957.779516,True,3094,0,1I1M1I1M1I1M1D1M1D1M1D1M1D1M1D1M1D1M1D1M1D1M1D1M1D1M1D1M1D1M1D1M1D1M1D1M1D1M1D1M1D1M1D1M1D1M1D1M1D1M1D1M1D1M1D1M1D1M1D1M1D1M1D1M1D1M1D1M1D1M1D1M1D1M1D1M1D1M1D1M1D1M1D1M1D1M1D1M1D1M1D1M1D1M1D1M1D1M1D1M1D1M1D1M1D1M1D1M1D1M1D1M1D1M1D1M1D1M1D1M1D1M1D1M1D1M1D1M1D1M1D1M1D1M1D1M1D1M1D1M1D1M1D1M1D1M
26,SRR316957.806641,False,5329,0,1I1M1I1M1I1M1D1M1D1M1D1M1D1M1D1M1D1M1D1M1D1M1D1M1D1M1D1M1D1M1D1M1D1M1D1M1D1M1D1M1D1M1D1M1D1M1D1M1D1M1D1M1D1M1D1M1D1M1D1M1D1M1D1M1D1M1D1M1D1M1D1M1D1M1D1M1D1M1D1M1D1M1D1M1D1M1D1M1D1M1D1M1D1M1D1M1D1M1D1M1D1M1D1M1D1M1D1M1D1M1D1M1D1M1D1M1D1M1D1M1D1M1D1M1D1M1D1M1D1M1D1M1D1M1D1M1D1M1D1M1D1M1D1M1D1M
27,SRR316957.856270,True,2736,0,1I1M1I1M1I1M1D1M1D1M1D1M1D1M1D1M1D1M1D1M1D1M1D1M1D1M1D1M1D1M1D1M1D1M1D1M1D1M1D1M1D1M1D1M1D1M1D1M1D1M1D1M1D1M1D1M1D1M1D1M1D1M1D1M1D1M1D1M1D1M1D1M1D1M1D1M1D1M1D1M1D1M1D1M1D1M1D1M1D1M1D1M1D1M1D1M1D1M1D1M1D1M1D1M1D1M1D1M1D1M1D1M1D1M1D1M1D1M1D1M1D1M1D1M1D1M1D1M1D1M1D1M1D1M1D1M1D1M1D1M1D1M1D1M1D1M
28,SRR316957.866299,False,9386,0,1I1M1I1M1I1M1D1M1D1M1D1M1D1M1D1M1D1M1D1M1D1M1D1M1D1M1D1M1D1M1D1M1D1M1D1M1D1M1D1M1D1M1D1M1D1M1D1M1D1M1D1M1D1M1D1M1D1M1D1M1D1M1D1M1D1M1D1M1D1M1D1M1D1M1D1M1D1M1D1M1D1M1D1M1D1M1D1M1D1M1D1M1D1M1D1M1D1M1D1M1D1M1D1M1D1M1D1M1D1M1D1M1D1M1D1M1D1M1D1M1D1M1D1M1D1M1D1M1D1M1D1M1D1M1D1M1D1M1D1M1D1M1D1M1D1M
29,SRR316957.893512,False,4727,0,1I1M1I1M1I1M1I1M1D1M1D1M1D1M1D1M1D1M1D1M1D1M1D1M1D1M1D1M1D1M1D1M1D1M1D1M1D1M1D1M1D1M1D1M1D1M1D1M1D1M1D1M1D1M1D1M1D1M1D1M1D1M1D1M1D1M1D1M1D1M1D1M1D1M1D1M1D1M1D1M1D1M1D1M1D1M1D1M1D1M1D1M1D1M1D1M1D1M1D1M1D1M1D1M1D1M1D1M1D1M1D1M1D1M1D1M1D1M1D1M1D1M1D1M1D1M1D1M1D1M1D1M1D1M1D1M1D1M1D1M1D1M1D1M
30,SRR316957.902803,True,3086,0,1I1M1I1M1I1M1D1M1D1M1D1M1D1M1D1M1D1M1D1M1D1M1D1M1D1M1D1M1D1M1D1M1D1M1D1M1D1M1D1M1D1M1D1M1D1M1D1M1D1M1D1M1D1M1D1M1D1M1D1M1D1M1D1M1D1M1D1M1D1M1D1M1D1M1D1M1D1M1D1M1D1M1D1M1D1M1D1M1D1M1D1M1D1M1D1M1D1M1D1M1D1M1D1M1D1M1D1M1D1M1D1M1D1M1D1M1D1M1D1M1D1M1D1M1D1M1D1M1D1M1D1M1D1M1D1M1D1M1D1M1D1M1D1M1D1M
31,SRR316957.905320,False,7751,0,1I1M1I1M1I1M1D1M1D1M1D1M1D1M1D1M1D1M1D1M1D1M1D1M1D1M1D1M1D1M1D1M1D1M1D1M1D1M1D1M1D1M1D1M1D1M1D1M1D1M1D1M1D1M1D1M1D1M1D1M1D1M1D1M1D1M1D1M1D1M1D1M1D1M1D1M1D1M1D1M1D1M1D1M1D1M1D1M1D1M1D1M1D1M1D1M1D1M1D1M1D1M1D1M1D1M1D1M1D1M1D1M1D1M1D1M1D1M1D1M1D1M1D1M1D1M1D1M1D1M1D1M1D1M1D1M1D1M1D1M1D1M1D1M1D1M
32,SRR316957.924384,False,5865,0,1I1M1I1M1I1M1I1M1I1M1I1M1I1M1I1M1I1M1I1M1I1M1I1M1D1M1D1M1D1M1D1M1D1M1D1M1D1M1D1M1D1M1D1M1D1M1D1M1D1M1D1M1D1M1D1M1D1M1D1M1D1M1D1M1D1M1D1M1D1M1D1M1D1M1D1M1D1M1D1M1D1M1D1M1D1M1D1M1D1M1D1M1D1M1D1M1D1M1D1M1D1M1D1M1D1M1D1M1D1M1D1M1D1M1D1M1D1M1D1M1D1M1D1M1D2M
33,SRR316957.949607,True,9388,0,1I1M1I1M1I1M1D1M1D1M1D1M1D1M1D1M1D1M1D1M1D1M1D1M1D1M1D1M1D1M1D1M1D1M1D1M1D1M1D1M1D1M1D1M1D1M1D1M1D1M1D1M1D1M1D1M1D1M1D1M1D1M1D1M1D1M1D1M1D1M1D1M1D1M1D1M1D1M1D1M1D1M1D1M1D1M1D1M1D1M1D1M1D1M1D1M1D1M1D1M1D1M1D1M1D1M1D1M1D1M1D1M1D1M1D1M1D1M1D1M1D1M1D1M1D1M1D1M1D1M1D1M1D1M1D1M1D1M1D1M1D1M1D1M1D1M
34,SRR316957.958299,False,3269,0,1I1M1I1M1I1M1D1M1D1M1D1M1D1M1D1M1D1M1D1M1D1M1D1M1D1M1D1M1D1M1D1M1D1M1D1M1D1M1D1M1D1M1D1M1D1M1D1M1D1M1D1M1D1M1D1M1D1M1D1M1D1M1D1M1D1M1D1M1D1M1D1M1D1M1D1M1D1M1D1M1D1M1D1M1D1M1D1M1D1M1D1M1D1M1D1M1D1M1D1M1D1M1D1M1D1M1D1M1D1M1D1M1D1M1D1M1D1M1D1M1D1M1D1M1D1M1D1M1D1M1D1M1D1M1D1M1D1M1D1M1D1M1D1M1D1M
35,SRR316957.972724,True,3163,0,1I1M1I1M1I1M1I1M1I1M1I1M1I1M1I1M1I1M1D1M1D1M1D1M1D1M1D1M1D1M1D1M1D1M1D1M1D1M1D1M1D1M1D1M1D1M1D1M1D1M1D1M1D1M1D1M1D1M1D1M1D1M1D1M1D1M1D1M1D1M1D1M1D1M1D1M1D1M1D1M1D1M1D1M1D1M1D1M1D1M1D1M1D1M1D1M1D1M1D1M1D1M1D1M1D1M1D1M1D1M1D1M1D1M1D1M1D1M1D1M1D1M1D1M1D1M1D1M1D1M1D1M1D1M
36,SRR316957.995227,True,5386,0,1I1M1I1M1I1M1D1M1D1M1D1M1D1M1D1M1D1M1D1M1D1M1D1M1D1M1D1M1D1M1D1M1D1M1D1M1D1M1D1M1D1M1D1M1D1M1D1M1D1M1D1M1D1M1D1M1D1M1D1M1D1M1D1M1D1M1D1M1D1M1D1M1D1M1D1M1D1M1D1M1D1M1D1M1D1M1D1M1D1M1D1M1D1M1D1M1D1M1D1M1D1M1D1M1D1M1D1M1D1M1D1M1D1M1D1M1D1M1D1M1D1M1D1M1D1M1D1M1D1M1D1M1D1M1D1M1D1M1D1M1D1M1D1M1D1M
37,SRR316957.1016179,True,1858,0,1I1M1I1M1I1M1I1M1I1M1D1M1D1M1D1M1D1M1D1M1D1M1D1M1D1M1D1M1D1M1D1M1D1M1D1M1D1M1D1M1D1M1D1M1D1M1D1M1D1M1D1M1D1M1D1M1D1M1D1M1D1M1D1M1D1M1D1M1D1M1D1M1D1M1D1M1D1M1D1M1D1M1D1M1D1M1D1M1D1M1D1M1D1M1D1M1D1M1D1M1D1M1D1M1D1M1D1M1D1M1D1M1D1M1D1M1D1M1D1M1D1M1D1M1D1M1D1M1D1M1D1M1D1M1D1M1D1M1D1M1D1M
38,SRR316957.1054442,True,9362,0,1I1M1I1M1I1M1D1M1D1M1D1M1D1M1D1M1D1M1D1M1D1M1D1M1D1M1D1M1D1M1D1M1D1M1D1M1D1M1D1M1D1M1D1M1D1M1D1M1D1M1D1M1D1M1D1M1D1M1D1M1D1M1D1M1D1M1D1M1D1M1D1M1D1M1D1M1D1M1D1M1D1M1D1M1D1M1D1M1D1M1D1M1D1M1D1M1D1M1D1M1D1M1D1M1D1M1D1M1D1M1D1M1D1M1D1M1D1M1D1M1D1M1D1M1D1M1D1M1D1M1D1M1D1M1D1M1D1M1D1M1D1M1D1M1D1M
39,SRR316957.1063205,True,3197,0,1I1M1I1M1I1M1I1M1I1M1I1M1I1M1I1M1I1M1I1M1I1M1I1M1I1M1I1M1I1M1I1M1D1M1D1M1D1M1D1M1D1M1D1M1D1M1D1M1D1M1D1M1D1M1D1M1D1M1D1M1D1M1D1M1D1M1D1M1D1M1D1M1D1M1D1M1D1M1D1M1D1M1D1M1D1M1D1M1D1M1D1M1D1M1D1M1D1M1D1M1D1M1D1M1D1M1D1M1D1M1D1M1D1M1D1M1D1M1D1M
40,SRR316957.1164363,False,9573,0,1I1M1I1M1I1M1D1M1D1M1D1M1D1M1D1M1D1M1D1M1D1M1D1M1D1M1D1M1D1M1D1M1D1M1D1M1D1M1D1M1D1M1D1M1D1M1D1M1D1M1D1M1D1M1D1M1D1M1D1M1D1M1D1M1D1M1D1M1D1M1D1M1D1M1D1M1D1M1D1M1D1M1D1M1D1M1D1M1D1M1D1M1D1M1D1M1D1M1D1M1D1M1D1M1D1M1D1M1D1M1D1M1D1M1D1M1D1M1D1M1D1M1D1M1D1M1D1M1D1M1D1M1D1M1D1M1D1M1D1M1D1M1D1M1D1M
41,SRR316957.1197329,False,3181,0,1I1M1I1M1I1M1I1M1D1M1I1M1D1M1I1M1D1M1I1M1D1M1I1M1D1M1I1M1D1M1I1M1D1M1I1M1D1M1I1M1D1M1I1M1D1M1I1M1D1M1I1M1D1M1I1M1D1M1I1M1D1M1I1M1D1M1I1M1D1M1I1M1D1M1I1M1D1M1I1M1D1M1I1M1D1M1I1M1D1M1I1M1D1M1D1M1D1M1D2M
42,SRR316957.1228751,True,1890,0,1I1M1I1M1I1M1I1M1I1M1D1M1D1M1D1M1D1M1D1M1D1M1D1M1D1M1D1M1D1M1D1M1D1M1D1M1D1M1D1M1D1M1D1M1D1M1D1M1D1M1D1M1D1M1D1M1D1M1D1M1D1M1D1M1D1M1D1M1D1M1D1M1D1M1D1M1D1M1D1M1D1M1D1M1D1M1D1M1D1M1D1M1D1M1D1M1D1M1D1M1D1M1D1M1D1M1D1M1D1M1D1M1D1M1D1M1D1M1D1M1D1M1D1M1D1M1D1M1D1M1D1M1D1M1D1M1D1M1D1M1D1M
43,SRR316957.1233950,False,3174,0,1I1M1I1M1I1M1I1M1I1M1I1M1I1M1I1M1I1M1I1M1I1M1I1M1I1M1I1M1I1M1I1M1D1M1D1M1D1M1D1M1D1M1D1M1D1M1D1M1D1M1D1M1D1M1D1M1D1M1D1M1D1M1D1M1D1M1D1M1D1M1D1M1D1M1D1M1D1M1D1M1D1M1D1M1D1M1D1M1D1M1D1M1D1M1D1M1D1M1D1M1D1M1D1M1D1M1D1M1D1M1D1M1D1M1D1M1D1M1D1M
44,SRR316957.1278433,True,930,0,1I1M1I1M1I1M1D1M1D1M1D1M1D1M1D1M1D1M1D1M1D1M1D1M1D1M1D1M1D1M1D1M1D1M1D1M1D1M1D1M1D1M1D1M1D1M1D1M1D1M1D1M1D1M1D1M1D1M1D1M1D1M1D1M1D1M1D1M1D1M1D1M1D1M1D1M1D1M1D1M1D1M1D1M1D1M1D1M1D1M1D1M1D1M1D1M1D1M1D1M1D1M1D1M1D1M1D1M1D1M1D1M1D1M1D1M1D1M1D1M1D1M1D1M1D1M1D1M1D1M1D1M1D1M1D1M1D1M1D1M1D1M1D1M1D1M
45,SRR316957.1427664,True,3272,0,1I1M1I1M1I1M1I1M1I1M1I1M1I1M1I1M1I1M1I1M1I1M1I1M1I1M1I1M1I1M1I1M1I1M1I1M1D1M1I1M1D1M1I1M1D1M1D1M1D1M1D1M1D1M1D1M1D1M1D1M1D1M1D1M1D1M1D1M1D1M1D1M1D1M1D1M1D1M1D1M1D1M1D1M1D1M1D1M1D1M1D1M1D1M1D1M1D1M1D1M1D1M1D1M1D1M1D1M1D2M
46,SRR316957.1528385,False,1565,0,1I1M1I1M1I1M1D1M1D1M1D1M1D1M1D1M1D1M1D1M1D1M1D1M1D1M1D1M1D1M1D1M1D1M1D1M1D1M1D1M1D1M1D1M1D1M1D1M1D1M1D1M1D1M1D1M1D1M1D1M1D1M1D1M1D1M1D1M1D1M1D1M1D1M1D1M1D1M1D1M1D1M1D1M1D1M1D1M1D1M1D1M1D1M1D1M1D1M1D1M1D1M1D1M1D1M1D1M1D1M1D1M1D1M1D1M1D1M1D1M1D1M1D1M1D1M1D1M1D1M1D1M1D1M1D1M1D1M1D1M1D1M1D1M1D1M
47,SRR316957.1553826,True,9344,0,1I1M1I1M1I1M1D1M1D1M1D1M1D1M1D1M1D1M1D1M1D1M1D1M1D1M1D1M1D1M1D1M1D1M1D1M1D1M1D1M1D1M1D1M1D1M1D1M1D1M1D1M1D1M1D1M1D1M1D1M1D1M1D1M1D1M1D1M1D1M1D1M1D1M1D1M1D1M1D1M1D1M1D1M1D1M1D1M1D1M1D1M1D1M1D1M1D1M1D1M1D1M1D1M1D1M1D1M1D1M1D1M1D1M1D1M1D1M1D1M1D1M1D1M1D1M1D1M1D1M1D1M1D1M1D1M1D1M1D1M1D1M1D1M1D1M
48,SRR316957.1577072,True,1862,0,1I1M1I1M1I1M1I1M1I1M1D1M1D1M1D1M1D1M1D1M1D1M1D1M1D1M1D1M1D1M1D1M1D1M1D1M1D1M1D1M1D1M1D1M1D1M1D1M1D1M1D1M1D1M1D1M1D1M1D1M1D1M1D1M1D1M1D1M1D1M1D1M1D1M1D1M1D1M1D1M1D1M1D1M1D1M1D1M1D1M1D1M1D1M1D1M1D1M1D1M1D1M1D1M1D1M1D1M1D1M1D1M1D1M1D1M1D1M1D1M1D1M1D1M1D1M1D1M1D1M1D1M1D1M1D1M1D1M1D1M1D1M
49,SRR316957.1588303,False,402,0,1I1M1I1M1I1M1D1M1D1M1D1M1D1M1D1M1D1M1D1M1D1M1D1M1D1M1D1M1D1M1D1M1D1M1D1M1D1M1D1M1D1M1D1M1D1M1D1M1D1M1D1M1D1M1D1M1D1M1D1M1D1M1D1M1D1M1D1M1D1M1D1M1D1M1D1M1D1M1D1M1D1M1D1M1D1M1D1M1D1M1D1M1D1M1D1M1D1M1D1M1D1M1D1M1D1M1D1M1D1M1D1M1D1M1D1M1D1M1D1M1D1M1D1M1D1M1D1M1D1M1D1M1D1M1D1M1D1M1D1M1D1M1D1M1D1M
50,SRR316957.1625559,True,3086,0,1I1M1I1M1I1M1D1M1D1M1D1M1D1M1D1M1D1M1D1M1D1M1D1M1D1M1D1M1D1M1D1M1D1M1D1M1D1M1D1M1D1M1D1M1D1M1D1M1D1M1D1M1D1M1D1M1D1M1D1M1D1M1D1M1D1M1D1M1D1M1D1M1D1M1D1M1D1M1D1M1D1M1D1M1D1M1D1M1D1M1D1M1D1M1D1M1D1M1D1M1D1M1D1M1D1M1D1M1D1M1D1M1D1M1D1M1D1M1D1M1D1M1D1M1D1M1D1M1D1M1D1M1D1M1D1M1D1M1D1M1D1M1D1M1D1M
51,SRR316957.1627004,True,2530,0,1I1M1I1M1I1M1D1M1D1M1D1M1D1M1D1M1D1M1D1M1D1M1D1M1D1M1D1M1D1M1D1M1D1M1D1M1D1M1D1M1D1M1D1M1D1M1D1M1D1M1D1M1D1M1D1M1D1M1D1M1D1M1D1M1D1M1D1M1D1M1D1M1D1M1D1M1D1M1D1M1D1M1D1M1D1M1D1M1D1M1D1M1D1M1D1M1D1M1D1M1D1M1D1M1D1M1D1M1D1M1D1M1D1M1D1M1D1M1D1M1D1M1D1M1D1M1D1M1D1M1D1M1D1M1D1M1D1M1D1M1D1M1D1M1D1M
52,SRR316957.1645337,False,862,0,1I1M1I1M1I1M1D1M1D1M1D1M1D1M1D1M1D1M1D1M1D1M1D1M1D1M1D1M1D1M1D1M1D1M1D1M1D1M1D1M1D1M1D1M1D1M1D1M1D1M1D1M1D1M1D1M1D1M1D1M1D1M1D1M1D1M1D1M1D1M1D1M1D1M1D1M1D1M1D1M1D1M1D1M1D1M1D1M1D1M1D1M1D1M1D1M1D1M1D1M1D1M1D1M1D1M1D1M1D1M1D1M1D1M1D1M1D1M1D1M1D1M1D1M1D1M1D1M1D1M1D1M1D1M1D1M1D1M1D1M1D1M1D1M1D1M
53,SRR316957.1678596,False,5868,0,1I1M1I1M1I1M1I1M1D1M1I1M1D1M1I1M1D1M1I1M1D1M1I1M1D1M1I1M1D1M1I1M1D1M1I1M1D1M1I1M1D1M1I1M1D1M1I1M1D1M1I1M1D1M1I1M1D1M1I1M1D1M1I1M1D1M1I1M1D1M1I1M1D1M1I1M1D1M1I1M1D1M1I1M1D1M1I1M1D1M1I1M1D1M1D1M1D1M1D2M
54,SRR316957.1707040,False,4763,0,1I1M1I1M1I1M1I1M1D1M1D1M1D1M1D1M1D1M1D1M1D1M1D1M1D1M1D1M1D1M1D1M1D1M1D1M1D1M1D1M1D1M1D1M1D1M1D1M1D1M1D1M1D1M1D1M1D1M1D1M1D1M1D1M1D1M1D1M1D1M1D1M1D1M1D1M1D1M1D1M1D1M1D1M1D1M1D1M1D1M1D1M1D1M1D1M1D1M1D1M1D1M1D1M1D1M1D1M1D1M1D1M1D1M1D1M1D1M1D1M1D1M1D1M1D1M1D1M1D1M1D1M1D1M1D1M1D1M1D1M1D1M1D1M
55,SRR316957.1708289,True,4119,0,1I1M1I1M1I1M1D1M1D1M1D1M1D1M1D1M1D1M1D1M1D1M1D1M1D1M1D1M1D1M1D1M1D1M1D1M1D1M1D1M1D1M1D1M1D1M1D1M1D1M1D1M1D1M1D1M1D1M1D1M1D1M1D1M1D1M1D1M1D1M1D1M1D1M1D1M1D1M1D1M1D1M1D1M1D1M1D1M1D1M1D1M1D1M1D1M1D1M1D1M1D1M1D1M1D1M1D1M1D1M1D1M1D1M1D1M1D1M1D1M1D1M1D1M1D1M1D1M1D1M1D1M1D1M1D1M1D1M1D1M1D1M1D1M1D1M
56,SRR316957.1731875,False,8217,0,1I1M1I1M1I1M1I1M1I1M1I1M1I1M1I1M1I1M1I1M1I1M1I1M1I1M1I1M1I1M1I1M1I1M1I1M1D1M1D1M1D1M1D1M1D1M1D1M1D1M1D1M1D1M1D1M1D1M1D1M1D1M1D1M1D1M1D1M1D1M1D1M1D1M1D1M1D1M1D1M1D1M1D1M1D1M1D1M1D1M1D1M1D1M1D1M1D1M1D1M1D1M1D1M1D1M1D1M1D1M1D1M1D1M1D1M
57,SRR316957.1783104,False,3141,0,1I1M1I1M1I1M1I1M1D1M1I1M1D1M1I1M1D1M1I1M1D1M1I1M1D1M1I1M1D1M1I1M1D1M1I1M1D1M1I1M1D1M1I1M1D1M1I1M1D1M1I1M1D1M1I1M1D1M1I1M1D1M1I1M1D1M1I1M1D1M1I1M1D1M1I1M1D1M1I1M1D1M1I1M1D1M1I1M1D1M1I1M1D1M1D1M1D1M1D2M
58,SRR316957.1819805,True,3291,0,1I1M1I1M1I1M1I1M1D1M1I1M1D1M1I1M1D1M1I1M1D1M1I1M1D1M1I1M1D1M1I1M1D1M1I1M1D1M1I1M1D1M1I1M1D1M1I1M1D1M1I1M1D1M1I1M1D1M1I1M1D1M1I1M1D1M1I1M1D1M1I1M1D1M1I1M1D1M1I1M1D1M1I1M1D1M1I1M1D1M1I1M1D1M1D1M1D1M1D2M
59,SRR316957.1862711,True,3225,0,1I1M1I1M1I1M1I1M1I1M1I1M1I1M1I1M1I1M1I1M1I1M1I1M1I1M1I1M1I1M1I1M1I1M1I1M1D1M1I1M1D1M1I1M1D1M1D1M1D1M1D1M1D1M1D1M1D1M1D1M1D1M1D1M1D1M1D1M1D1M1D1M1D1M1D1M1D1M1D1M1D1M1D1M1D1M1D1M1D1M1D1M1D1M1D1M1D1M1D1M1D1M1D1M1D1M1D1M1D2M
60,SRR316957.1873978,True,3130,0,1I1M1I1M1I1M1I1M1I1M1I1M1I1M1I1M1I1M1I1M1I1M1I1M1I1M1I1M1I1M1I1M1D1M1I1M1D1M1I1M1D1M1I1M1D1M1I1M1D1M1I1M1D1M1D1M1D1M1D1M1D1M1D1M1D1M1D1M1D1M1D1M1D1M1D1M1D1M1D1M1D1M1D1M1D1M1D1M1D1M1D1M1D1M1D1M1D1M1D1M1D1M1D1M1D1M1D1M1D1M
61,SRR316957.1878532,False,3227,0,1I1M1I1M1I1M1I1M1D1M1I1M1D1M1I1M1D1M1I1M1D1M1I1M1D1M1I1M1D1M1I1M1D1M1I1M1D1M1I1M1D1M1I1M1D1M1I1M1D1M1I1M1D1M1I1M1D1M1I1M1D1M1I1M1D1M1I1M1D1M1I1M1D1M1I1M1D1M1I1M1D1M1I1M1D1M1I1M1D1M1I1M1D1M1D1M1D1M1D2M
62,SRR316957.1891157,True,3214,0,1I1M1I1M1I1M1I1M1I1M1I1M1I1M1I1M1I1M1I1M1I1M1I1M1I1M1I1M1I1M1I1M1I1M1D1M1D1M1D1M1D1M1D1M1D1M1D1M1D1M1D1M1D1M1D1M1D1M1D1M1D1M1D1M1D1M1D1M1D1M1D1M1D1M1D1M1D1M1D1M1D1M1D1M1D1M1D1M1D1M1D1M1D1M1D1M1D1M1D1M1D1M1D1M1D1M1D1M1D1M1D1M1D1M1D1M1D1M
63,SRR316957.1909859,False,9341,0,1I1M1I1M1I1M1D1M1D1M1D1M1D1M1D1M1D1M1D1M1D1M1D1M1D1M1D1M1D1M1D1M1D1M1D1M1D1M1D1M1D1M1D1M1D1M1D1M1D1M1D1M1D1M1D1M1D1M1D1M1D1M1D1M1D1M1D1M1D1M1D1M1D1M1D1M1D1M1D1M1D1M1D1M1D1M1D1M1D1M1D1M1D1M1D1M1D1M1D1M1D1M1D1M1D1M1D1M1D1M1D1M1D1M1D1M1D1M1D1M1D1M1D1M1D1M1D1M1D1M1D1M1D1M1D1M1D1M1D1M1D1M1D1M1D1M
64,SRR316957.1946994,True,3326,0,1I1M1I1M1I1M1D1M1D1M1D1M1D1M1D1M1D1M1D1M1D1M1D1M1D1M1D1M1D1M1D1M1D1M1D1M1D1M1D1M1D1M1D1M1D1M1D1M1D1M1D1M1D1M1D1M1D1M1D1M1D1M1D1M1D1M1D1M1D1M1D1M1D1M1D1M1D1M1D1M1D1M1D1M1D1M1D1M1D1M1D1M1D1M1D1M1D1M1D1M1D1M1D1M1D1M1D1M1D1M1D1M1D1M1D1M1D1M1D1M1D1M1D1M1D1M1D1M1D1M1D1M1D1M1D1M1D1M1D1M1D1M1D2M
65,SRR316957.1960925,False,3291,0,1I1M1I1M1I1M1D1M1D1M1D1M1D1M1D1M1D1M1D1M1D1M1D1M1D1M1D1M1D1M1D1M1D1M1D1M1D1M1D1M1D1M1D1M1D1M1D1M1D1M1D1M1D1M1D1M1D1M1D1M1D1M1D1M1D1M1D1M1D1M1D1M1D1M1D1M1D1M1D1M1D1M1D1M1D1M1D1M1D1M1D1M1D1M1D1M1D1M1D1M1D1M1D1M1D1M1D1M1D1M1D1M1D1M1D1M1D1M1D1M1D1M1D1M1D1M1D1M1D1M1D1M1D1M1D1M1D1M1D1M1D1M1D1M1D1M
66,SRR316957.1991590,True,3291,0,1I1M1I1M1I1M1I1M1D1M1I1M1D1M1I1M1D1M1I1M1D1M1I1M1D1M1I1M1D1M1I1M1D1M1I1M1D1M1I1M1D1M1I1M1D1M1I1M1D1M1I1M1D1M1I1M1D1M1I1M1D1M1I1M1D1M1I1M1D1M1I1M1D1M1I1M1D1M1I1M1D1M1I1M1D1M1I1M1D1M1I1M1D1M1D1M1D1M1D2M
67,SRR316957.2003484,True,868,0,1I1M1I1M1I1M1D1M1D1M1D1M1D1M1D1M1D1M1D1M1D1M1D1M1D1M1D1M1D1M1D1M1D1M1D1M1D1M1D1M1D1M1D1M1D1M1D1M1D1M1D1M1D1M1D1M1D1M1D1M1D1M1D1M1D1M1D1M1D1M1D1M1D1M1D1M1D1M1D1M1D1M1D1M1D1M1D1M1D1M1D1M1D1M1D1M1D1M1D1M1D1M1D1M1D1M1D1M1D1M1D1M1D1M1D1M1D1M1D1M1D1M1D1M1D1M1D1M1D1M1D1M1D1M1D1M1D1M1D1M1D1M1D1M1D1M
68,SRR316957.2010972,False,9366,0,1I1M1I1M1I1M1D1M1D1M1D1M1D1M1D1M1D1M1D1M1D1M1D1M1D1M1D1M1D1M1D1M1D1M1D1M1D1M1D1M1D1M1D1M1D1M1D1M1D1M1D1M1D1M1D1M1D1M1D1M1D1M1D1M1D1M1D1M1D1M1D1M1D1M1D1M1D1M1D1M1D1M1D1M1D1M1D1M1D1M1D1M1D1M1D1M1D1M1D1M1D1M1D1M1D1M1D1M1D1M1D1M1D1M1D1M1D1M1D1M1D1M1D1M1D1M1D1M1D1M1D1M1D1M1D1M1D1M1D1M1D1M1D1M1D1M
69,SRR316957.2030255,True,8776,0,1I1M1I1M1I1M1D1M1D1M1D1M1D1M1D1M1D1M1D1M1D1M1D1M1D1M1D1M1D1M1D1M1D1M1D1M1D1M1D1M1D1M1D1M1D1M1D1M1D1M1D1M1D1M1D1M1D1M1D1M1D1M1D1M1D1M1D1M1D1M1D1M1D1M1D1M1D1M1D1M1D1M1D1M1D1M1D1M1D1M1D1M1D1M1D1M1D1M1D1M1D1M1D1M1D1M1D1M1D1M1D1M1D1M1D1M1D1M1D1M1D1M1D1M1D1M1D1M1D1M1D1M1D1M1D1M1D1M1D1M1D1M1D1M1D1M
70,SRR316957.2039536,True,8240,0,1I1M1I1M1I1M1I1M1D1M1I1M1D1M1I1M1D1M1I1M1D1M1I1M1D1M1I1M1D1M1I1M1D1M1I1M1D1M1I1M1D1M1I1M1D1M1I1M1D1M1I1M1D1M1I1M1D1M1I1M1D1M1I1M1D1M1I1M1D1M1I1M1D1M1I1M1D1M1I1M1D1M1I1M1D1M1I1M1D1M1I1M1D1M1D1M1D1M1D2M
71,SRR316957.2051166,True,872,0,1I1M1I1M1I1M1D1M1D1M1D1M1D1M1D1M1D1M1D1M1D1M1D1M1D1M1D1M1D1M1D1M1D1M1D1M1D1M1D1M1D1M1D1M1D1M1D1M1D1M1D1M1D1M1D1M1D1M1D1M1D1M1D1M1D1M1D1M1D1M1D1M1D1M1D1M1D1M1D1M1D1M1D1M1D1M1D1M1D1M1D1M1D1M1D1M1D1M1D1M1D1M1D1M1D1M1D1M1D1M1D1M1D1M1D1M1D1M1D1M1D1M1D1M1D1M1D1M1D1M1D1M1D1M1D1M1D1M1D1M1D1M1D1M1D1M
72,SRR316957.2056902,False,354,0,1I1M1I1M1I1M1I1M1D1M1D1M1D1M1D1M1D1M1D1M1D1M1D1M1D1M1D1M1D1M1D1M1D1M1D1M1D1M1D1M1D1M1D1M1D1M1D1M1D1M1D1M1D1M1D1M1D1M1D1M1D1M1D1M1D1M1D1M1D1M1D1M1D1M1D1M1D1M1D1M1D1M1D1M1D1M1D1M1D1M1D1M1D1M1D1M1D1M1D1M1D1M1D1M1D1M1D1M1D1M1D1M1D1M1D1M1D1M1D1M1D1M1D1M1D1M1D1M1D1M1D1M1D1M1D1M1D1M1D1M1D1M1D1M
73,SRR316957.2119760,True,3207,0,1I1M1I1M1I1M1I1M1I1M1I1M1I1M1I1M1I1M1I1M1I1M1I1M1I1M1D1M1D1M1D1M1D1M1D1M1D1M1D1M1D1M1D1M1D1M1D1M1D1M1D1M1D1M1D1M1D1M1D1M1D1M1D1M1D1M1D1M1D1M1D1M1D1M1D1M1D1M1D1M1D1M1D1M1D1M1D1M1D1M1D1M1D1M1D1M1D1M1D1M1D1M1D1M1D1M1D1M1D1M1D1M1D1M1D1M1D1M1D1M1D1M1D2M
74,SRR316957.2159737,False,3145,0,1I1M1I1M1I1M1I1M1D1M1I1M1D1M1I1M1D1M1I1M1D1M1I1M1D1M1I1M1D1M1I1M1D1M1I1M1D1M1I1M1D1M1I1M1D1M1I1M1D1M1I1M1D1M1I1M1D1M1I1M1D1M1I1M1D1M1I1M1D1M1I1M1D1M1I1M1D1M1I1M1D1M1I1M1D1M1I1M1D1M1I1M1D1M1D1M1D1M1D2M
75,SRR316957.2181762,False,4030,0,1I1M1I1M1I1M1I1M1D1M1I1M1D1M1I1M1D1M1I1M1D1M1I1M1D1M1I1M1D1M1I1M1D1M1I1M1D1M1I1M1D1M1I1M1D1M1I1M1D1M1I1M1D1M1I1M1D1M1I1M1D1M1I1M1D1M1I1M1D1M1I1M1D1M1I1M1D1M1I1M1D1M1I1M1D1M1I1M1D1M1I1M1D1M1D1M1D1M1D2M
76,SRR316957.2194855,True,5294,0,1I1M1I1M1I1M1D1M1D1M1D1M1D1M1D1M1D1M1D1M1D1M1D1M1D1M1D1M1D1M1D1M1D1M1D1M1D1M1D1M1D1M1D1M1D1M1D1M1D1M1D1M1D1M1D1M1D1M1D1M1D1M1D1M1D1M1D1M1D1M1D1M1D1M1D1M1D1M1D1M1D1M1D1M1D1M1D1M1D1M1D1M1D1M1D1M1D1M1D1M1D1M1D1M1D1M1D1M1D1M1D1M1D1M1D1M1D1M1D1M1D1M1D1M1D1M1D1M1D1M1D1M1D1M1D1M1D1M1D1M1D1M1D1M1D1M
77,SRR316957.2195112,True,7850,0,1I1M1I1M1I1M1D1M1D1M1D1M1D1M1D1M1D1M1D1M1D1M1D1M1D1M1D1M1D1M1D1M1D1M1D1M1D1M1D1M1D1M1D1M1D1M1D1M1D1M1D1M1D1M1D1M1D1M1D1M1D1M1D1M1D1M1D1M1D1M1D1M1D1M1D1M1D1M1D1M1D1M1D1M1D1M1D1M1D1M1D1M1D1M1D1M1D1M1D1M1D1M1D1M1D1M1D1M1D1M1D1M1D1M1D1M1D1M1D1M1D1M1D1M1D1M1D1M1D1M1D1M1D1M1D1M1D1M1D1M1D1M1D2M
78,SRR316957.2206226,False,3144,0,1I1M1I1M1I1M1I1M1D1M1I1M1D1M1I1M1D1M1I1M1D1M1I1M1D1M1I1M1D1M1I1M1D1M1I1M1D1M1I1M1D1M1I1M1D1M1I1M1D1M1I1M1D1M1I1M1D1M1I1M1D1M1I1M1D1M1I1M1D1M1I1M1D1M1I1M1D1M1I1M1D1M1I1M1D1M1I1M1D1M1I1M1D1M1D1M1D1M1D2M
79,SRR316957.2216620,False,5885,0,1I1M1I1M1I1M1I1M1I1M1I1M1I1M1I1M1I1M1I1M1I1M1I1M1I1M1I1M1I1M1D1M1D1M1D1M1D1M1D1M1D1M1D1M1D1M1D1M1D1M1D1M1D1M1D1M1D1M1D1M1D1M1D1M1D1M1D1M1D1M1D1M1D1M1D1M1D1M1D1M1D1M1D1M1D1M1D1M1D1M1D1M1D1M1D1M1D1M1D1M1D1M1D1M1D1M1D1M1D1M1D1M1D1M1D1M1D1M1D2M
80,SRR316957.2250183,False,7246,0,1I1M1I1M1I1M1I1M1D1M1D1M1D1M1D1M1D1M1D1M1D1M1D1M1D1M1D1M1D1M1D1M1D1M1D1M1D1M1D1M1D1M1D1M1D1M1D1M1D1M1D1M1D1M1D1M1D1M1D1M1D1M1D1M1D1M1D1M1D1M1D1M1D1M1D1M1D1M1D1M1D1M1D1M1D1M1D1M1D1M1D1M1D1M1D1M1D1M1D1M1D1M1D1M1D1M1D1M1D1M1D1M1D1M1D1M1D1M1D1M1D1M1D1M1D1M1D1M1D1M1D1M1D1M1D1M1D1M1D1M1D1M1D1M
81,SRR316957.2255771,False,872,0,1I1M1I1M1I1M1D1M1D1M1D1M1D1M1D1M1D1M1D1M1D1M1D1M1D1M1D1M1D1M1D1M1D1M1D1M1D1M1D1M1D1M1D1M1D1M1D1M1D1M1D1M1D1M1D1M1D1M1D1M1D1M1D1M1D1M1D1M1D1M1D1M1D1M1D1M1D1M1D1M1D1M1D1M1D1M1D1M1D1M1D1M1D1M1D1M1D1M1D1M1D1M1D1M1D1M1D1M1D1M1D1M1D1M1D1M1D1M1D1M1D1M1D1M1D1M1D1M1D1M1D1M1D1M1D1M1D1M1D1M1D1M1D1M1D1M
82,SRR316957.2286178,False,3273,0,1I1M1I1M1I1M1D1M1D1M1D1M1D1M1D1M1D1M1D1M1D1M1D1M1D1M1D1M1D1M1D1M1D1M1D1M1D1M1D1M1D1M1D1M1D1M1D1M1D1M1D1M1D1M1D1M1D1M1D1M1D1M1D1M1D1M1D1M1D1M1D1M1D1M1D1M1D1M1D1M1D1M1D1M1D1M1D1M1D1M1D1M1D1M1D1M1D1M1D1M1D1M1D1M1D1M1D1M1D1M1D1M1D1M1D1M1D1M1D1M1D1M1D1M1D1M1D1M1D1M1D1M1D1M1D1M1D1M1D1M1D1M1D1M1D1M
83,SRR316957.2297706,True,2546,0,1I1M1I1M1I1M1D1M1D1M1D1M1D1M1D1M1D1M1D1M1D1M1D1M1D1M1D1M1D1M1D1M1D1M1D1M1D1M1D1M1D1M1D1M1D1M1D1M1D1M1D1M1D1M1D1M1D1M1D1M1D1M1D1M1D1M1D1M1D1M1D1M1D1M1D1M1D1M1D1M1D1M1D1M1D1M1D1M1D1M1D1M1D1M1D1M1D1M1D1M1D1M1D1M1D1M1D1M1D1M1D1M1D1M1D1M1D1M1D1M1D1M1D1M1D1M1D1M1D1M1D1M1D1M1D1M1D1M1D1M1D1M1D1M1D1M
84,SRR316957.2309404,False,3209,0,1I1M1I1M1I1M1I1M1D1M1I1M1D1M1I1M1D1M1I1M1D1M1I1M1D1M1I1M1D1M1I1M1D1M1I1M1D1M1I1M1D1M1I1M1D1M1I1M1D1M1I1M1D1M1I1M1D1M1I1M1D1M1I1M1D1M1I1M1D1M1I1M1D1M1I1M1D1M1I1M1D1M1I1M1D1M1I1M1D1M1I1M1D1M1D1M1D1M1D2M
85,SRR316957.2331507,False,3155,0,1I1M1I1M1I1M1I1M1I1M1I1M1I1M1I1M1I1M1I1M1I1M1I1M1D1M1D1M1D1M1D1M1D1M1D1M1D1M1D1M1D1M1D1M1D1M1D1M1D1M1D1M1D1M1D1M1D1M1D1M1D1M1D1M1D1M1D1M1D1M1D1M1D1M1D1M1D1M1D1M1D1M1D1M1D1M1D1M1D1M1D1M1D1M1D1M1D1M1D1M1D1M1D1M1D1M1D1M1D1M1D1M1D1M1D1M1D1M1D1M1D1M1D1M1D2M
86,SRR316957.2380012,False,1591,0,1I1M1I1M1I1M1D1M1D1M1D1M1D1M1D1M1D1M1D1M1D1M1D1M1D1M1D1M1D1M1D1M1D1M1D1M1D1M1D1M1D1M1D1M1D1M1D1M1D1M1D1M1D1M1D1M1D1M1D1M1D1M1D1M1D1M1D1M1D1M1D1M1D1M1D1M1D1M1D1M1D1M1D1M1D1M1D1M1D1M1D1M1D1M1D1M1D1M1D1M1D1M1D1M1D1M1D1M1D1M1D1M1D1M1D1M1D1M1D1M1D1M1D1M1D1M1D1M1D1M1D1M1D1M1D1M1D1M1D1M1D1M1D1M1D1M
87,SRR316957.2404974,False,5237,0,1I1M1I1M1I1M1D1M1D1M1D1M1D1M1D1M1D1M1D1M1D1M1D1M1D1M1D1M1D1M1D1M1D1M1D1M1D1M1D1M1D1M1D1M1D1M1D1M1D1M1D1M1D1M1D1M1D1M1D1M1D1M1D1M1D1M1D1M1D1M1D1M1D1M1D1M1D1M1D1M1D1M1D1M1D1M1D1M1D1M1D1M1D1M1D1M1D1M1D1M1D1M1D1M1D1M1D1M1D1M1D1M1D1M1D1M1D1M1D1M1D1M1D1M1D1M1D1M1D1M1D1M1D1M1D1M1D1M1D1M1D1M1D2M
88,SRR316957.2425705,False,3163,0,1I1M1I1M1I1M1I1M1I1M1I1M1I1M1I1M1I1M1I1M1I1M1I1M1I1M1I1M1D1M1D1M1D1M1D1M1D1M1D1M1D1M1D1M1D1M1D1M1D1M1D1M1D1M1D1M1D1M1D1M1D1M1D1M1D1M1D1M1D1M1D1M1D1M1D1M1D1M1D1M1D1M1D1M1D1M1D1M1D1M1D1M1D1M1D1M1D1M1D1M1D1M1D1M1D1M1D1M1D1M1D1M1D1M1D1M1D1M1D1M1D1M1D1M
89,SRR316957.2431338,False,9370,0,1I1M1I1M1I1M1D1M1D1M1D1M1D1M1D1M1D1M1D1M1D1M1D1M1D1M1D1M1D1M1D1M1D1M1D1M1D1M1D1M1D1M1D1M1D1M1D1M1D1M1D1M1D1M1D1M1D1M1D1M1D1M1D1M1D1M1D1M1D1M1D1M1D1M1D1M1D1M1D1M1D1M1D1M1D1M1D1M1D1M1D1M1D1M1D1M1D1M1D1M1D1M1D1M1D1M1D1M1D1M1D1M1D1M1D1M1D1M1D1M1D1M1D1M1D1M1D1M1D1M1D1M1D1M1D1M1D1M1D1M1D1M1D1M1D1M
90,SRR316957.2461827,False,8190,0,1I1M1I1M1I1M1I1M1I1M1I1M1I1M1I1M1I1M1I1M1I1M1I1M1I1M1I1M1D1M1D1M1D1M1D1M1D1M1D1M1D1M1D1M1D1M1D1M1D1M1D1M1D1M1D1M1D1M1D1M1D1M1D1M1D1M1D1M1D1M1D1M1D1M1D1M1D1M1D1M1D1M1D1M1D1M1D1M1D1M1D1M1D1M1D1M1D1M1D1M1D1M1D1M1D1M1D1M1D1M1D1M1D1M1D1M1D1M1D1M1D1M1D1M
91,SRR316957.2464056,False,9348,0,1I1M1I1M1I1M1D1M1D1M1D1M1D1M1D1M1D1M1D1M1D1M1D1M1D1M1D1M1D1M1D1M1D1M1D1M1D1M1D1M1D1M1D1M1D1M1D1M1D1M1D1M1D1M1D1M1D1M1D1M1D1M1D1M1D1M1D1M1D1M1D1M1D1M1D1M1D1M1D1M1D1M1D1M1D1M1D1M1D1M1D1M1D1M1D1M1D1M1D1M1D1M1D1M1D1M1D1M1D1M1D1M1D1M1D1M1D1M1D1M1D1M1D1M1D1M1D1M1D1M1D1M1D1M1D1M1D1M1D1M1D1M1D1M1D1M
92,SRR316957.2469663,True,3247,0,1I1M1I1M1I1M1I1M1I1M1I1M1I1M1I1M1I1M1I1M1I1M1I1M1I1M1I1M1I1M1I1M1I1M1I1M1D1M1I1M1D1M1I1M1D1M1D1M1D1M1D1M1D1M1D1M1D1M1D1M1D1M1D1M1D1M1D1M1D1M1D1M1D1M1D1M1D1M1D1M1D1M1D1M1D1M1D1M1D1M1D1M1D1M1D1M1D1M1D1M1D1M1D1M1D1M1D1M1D2M
93,SRR316957.2553100,True,2578,0,1I1M1I1M1I1M1D1M1D1M1D1M1D1M1D1M1D1M1D1M1D1M1D1M1D1M1D1M1D1M1D1M1D1M1D1M1D1M1D1M1D1M1D1M1D1M1D1M1D1M1D1M1D1M1D1M1D1M1D1M1D1M1D1M1D1M1D1M1D1M1D1M1D1M1D1M1D1M1D1M1D1M1D1M1D1M1D1M1D1M1D1M1D1M1D1M1D1M1D1M1D1M1D1M1D1M1D1M1D1M1D1M1D1M1D1M1D1M1D1M1D1M1D1M1D1M1D1M1D1M1D1M1D1M1D1M1D1M1D1M1D1M1D1M1D1M
94,SRR316957.2567728,True,3239,0,1I1M1I1M1I1M1I1M1I1M1I1M1I1M1I1M1I1M1I1M1I1M1D1M1I1M1D1M1I1M1D1M1I1M1D1M1I1M1D1M1I1M1D1M1I1M1D1M1I1M1D1M1I1M1D1M1I1M1D1M1I1M1D1M1I1M1D1M1I1M1D1M1D1M1D1M1D1M1D1M1D1M1D1M1D1M1D1M1D1M1D1M1D1M1D1M1D1M1D1M1D1M1D1M1D1M
95,SRR316957.2573585,False,7216,0,1I1M1I1M1I1M1D1M1D1M1D1M1D1M1D1M1D1M1D1M1D1M1D1M1D1M1D1M1D1M1D1M1D1M1D1M1D1M1D1M1D1M1D1M1D1M1D1M1D1M1D1M1D1M1D1M1D1M1D1M1D1M1D1M1D1M1D1M1D1M1D1M1D1M1D1M1D1M1D1M1D1M1D1M1D1M1D1M1D1M1D1M1D1M1D1M1D1M1D1M1D1M1D1M1D1M1D1M1D1M1D1M1D1M1D1M1D1M1D1M1D1M1D1M1D1M1D1M1D1M1D1M1D1M1D1M1D1M1D1M1D1M1D1M1D1M
96,SRR316957.2693777,False,7250,0,1I1M1I1M1I1M1D1M1D1M1D1M1D1M1D1M1D1M1D1M1D1M1D1M1D1M1D1M1D1M1D1M1D1M1D1M1D1M1D1M1D1M1D1M1D1M1D1M1D1M1D1M1D1M1D1M1D1M1D1M1D1M1D1M1D1M1D1M1D1M1D1M1D1M1D1M1D1M1D1M1D1M1D1M1D1M1D1M1D1M1D1M1D1M1D1M1D1M1D1M1D1M1D1M1D1M1D1M1D1M1D1M1D1M1D1M1D1M1D1M1D1M1D1M1D1M1D1M1D1M1D1M1D1M1D1M1D1M1D1M1D1M1D1M1D1M
97,SRR316957.2725703,False,3776,0,1I1M1I1M1I1M1D1M1D1M1D1M1D1M1D1M1D1M1D1M1D1M1D1M1D1M1D1M1D1M1D1M1D1M1D1M1D1M1D1M1D1M1D1M1D1M1D1M1D1M1D1M1D1M1D1M1D1M1D1M1D1M1D1M1D1M1D1M1D1M1D1M1D1M1D1M1D1M1D1M1D1M1D1M1D1M1D1M1D1M1D1M1D1M1D1M1D1M1D1M1D1M1D1M1D1M1D1M1D1M1D1M1D1M1D1M1D1M1D1M1D1M1D1M1D1M1D1M1D1M1D1M1D1M1D1M1D1M1D1M1D1M1D1M1D1M
98,SRR316957.2730820,False,5877,0,1I1M1I1M1I1M1I1M1I1M1I1M1I1M1I1M1I1M1I1M1I1M1I1M1I1M1I1M1I1M1D1M1D1M1D1M1D1M1D1M1D1M1D1M1D1M1D1M1D1M1D1M1D1M1D1M1D1M1D1M1D1M1D1M1D1M1D1M1D1M1D1M1D1M1D1M1D1M1D1M1D1M1D1M1D1M1D1M1D1M1D1M1D1M1D1M1D1M1D1M1D1M1D1M1D1M1D1M1D1M1D1M1D1M1D1M1D1M1D2M
99,SRR316957.2738801,False,3283,0,1I1M1I1M1I1M1D1M1D1M1D1M1D1M1D1M1D1M1D1M1D1M1D1M1D1M1D1M1D1M1D1M1D1M1D1M1D1M1D1M1D1M1D1M1D1M1D1M1D1M1D1M1D1M1D1M1D1M1D1M1D1M1D1M1D1M1D1M1D1M1D1M1D1M1D1M1D1M1D1M1D1M1D1M1D1M1D1M1D1M1D1M1D1M1D1M1D1M1D1M1D1M1D1M1D1M1D1M1D1M1D1M1D1M1D1M1D1M1D1M1D1M1D1M1D1M1D1M1D1M1D1M1D1M1D1M1D1M1D1M1D1M1D1M1D1M
100,SRR316957.2740182,True,9366,0,1I1M1I1M1I1M1D1M1D1M1D1M1D1M1D1M1D1M1D1M1D1M1D1M1D1M1D1M1D1M1D1M1D1M1D1M1D1M1D1M1D1M1D1M1D1M1D1M1D1M1D1M1D1M1D1M1D1M1D1M1D1M1D1M1D1M1D1M1D1M1D1M1D1M1D1M1D1M1D1M1D1M1D1M1D1M1D1M1D1M1D1M1D1M1D1M1D1M1D1M1D1M1D1M1D1M1D1M1D1M1D1M1D1M1D1M1D1M1D1M1D1M1D1M1D1M1D1M1D1M1D1M1D1M1D1M1D1M1D1M1D1M1D1M1D1M
101,SRR316957.2818588,False,9535,0,1I1M1I1M1I1M1D1M1D1M1D1M1D1M1D1M1D1M1D1M1D1M1D1M1D1M1D1M1D1M1D1M1D1M1D1M1D1M1D1M1D1M1D1M1D1M1D1M1D1M1D1M1D1M1D1M1D1M1D1M1D1M1D1M1D1M1D1M1D1M1D1M1D1M1D1M1D1M1D1M1D1M1D1M1D1M1D1M1D1M1D1M1D1M1D1M1D1M1D1M1D1M1D1M1D1M1D1M1D1M1D1M1D1M1D1M1D1M1D1M1D1M1D1M1D1M1D1M1D1M1D1M1D1M1D1M1D1M1D1M1D1M1D1M1D1M
102,SRR316957.2820541,False,2572,0,1I1M1I1M1I1M1D1M1D1M1D1M1D1M1D1M1D1M1D1M1D1M1D1M1D1M1D1M1D1M1D1M1D1M1D1M1D1M1D1M1D1M1D1M1D1M1D1M1D1M1D1M1D1M1D1M1D1M1D1M1D1M1D1M1D1M1D1M1D1M1D1M1D1M1D1M1D1M1D1M1D1M1D1M1D1M1D1M1D1M1D1M1D1M1D1M1D1M1D1M1D1M1D1M1D1M1D1M1D1M1D1M1D1M1D1M1D1M1D1M1D1M1D1M1D1M1D1M1D1M1D1M1D1M1D1M1D1M1D1M1D1M1D1M1D1M
103,SRR316957.2830483,True,3238,0,1I1M1I1M1I1M1I1M1I1M1I1M1I1M1I1M1I1M1I1M1I1M1I1M1I1M1I1M1I1M1I1M1I1M1I1M1I1M1D1M1D1M1D1M1D1M1D1M1D1M1D1M1D1M1D1M1D1M1D1M1D1M1D1M1D1M1D1M1D1M1D1M1D1M1D1M1D1M1D1M1D1M1D1M1D1M1D1M1D1M1D1M1D1M1D1M1D1M1D1M1D1M1D1M1D1M1D1M1D1M1D1M1D1M
104,SRR316957.2838497,True,9328,0,1I1M1I1M1I1M1D1M1D1M1D1M1D1M1D1M1D1M1D1M1D1M1D1M1D1M1D1M1D1M1D1M1D1M1D1M1D1M1D1M1D1M1D1M1D1M1D1M1D1M1D1M1D1M1D1M1D1M1D1M1D1M1D1M1D1M1D1M1D1M1D1M1D1M1D1M1D1M1D1M1D1M1D1M1D1M1D1M1D1M1D1M1D1M1D1M1D1M1D1M1D1M1D1M1D1M1D1M1D1M1D1M1D1M1D1M1D1M1D1M1D1M1D1M1D1M1D1M1D1M1D1M1D1M1D1M1D1M1D1M1D1M1D1M1D1M
105,SRR316957.2847322,False,4731,0,1I1M1I1M1I1M1I1M1D1M1D1M1D1M1D1M1D1M1D1M1D1M1D1M1D1M1D1M1D1M1D1M1D1M1D1M1D1M1D1M1D1M1D1M1D1M1D1M1D1M1D1M1D1M1D1M1D1M1D1M1D1M1D1M1D1M1D1M1D1M1D1M1D1M1D1M1D1M1D1M1D1M1D1M1D1M1D1M1D1M1D1M1D1M1D1M1D1M1D1M1D1M1D1M1D1M1D1M1D1M1D1M1D1M1D1M1D1M1D1M1D1M1D1M1D1M1D1M1D1M1D1M1D1M1D1M1D1M1D1M1D1M1D1M
106,SRR316957.2857614,False,366,0,1I1M1I1M1I1M1D1M1D1M1D1M1D1M1D1M1D1M1D1M1D1M1D1M1D1M1D1M1D1M1D1M1D1M1D1M1D1M1D1M1D1M1D1M1D1M1D1M1D1M1D1M1D1M1D1M1D1M1D1M1D1M1D1M1D1M1D1M1D1M1D1M1D1M1D1M1D1M1D1M1D1M1D1M1D1M1D1M1D1M1D1M1D1M1D1M1D1M1D1M1D1M1D1M1D1M1D1M1D1M1D1M1D1M1D1M1D1M1D1M1D1M1D1M1D1M1D1M1D1M1D1M1D1M1D1M1D1M1D1M1D1M1D1M1D1M
107,SRR316957.2874604,False,9351,0,1I1M1I1M1I1M1D1M1D1M1D1M1D1M1D1M1D1M1D1M1D1M1D1M1D1M1D1M1D1M1D1M1D1M1D1M1D1M1D1M1D1M1D1M1D1M1D1M1D1M1D1M1D1M1D1M1D1M1D1M1D1M1D1M1D1M1D1M1D1M1D1M1D1M1D1M1D1M1D1M1D1M1D1M1D1M1D1M1D1M1D1M1D1M1D1M1D1M1D1M1D1M1D1M1D1M1D1M1D1M1D1M1D1M1D1M1D1M1D1M1D1M1D1M1D1M1D1M1D1M1D1M1D1M1D1M1D1M1D1M1D1M1D1M1D1M
108,SRR316957.2944912,False,5317,0,1I1M1I1M1I1M1D1M1D1M1D1M1D1M1D1M1D1M1D1M1D1M1D1M1D1M1D1M1D1M1D1M1D1M1D1M1D1M1D1M1D1M1D1M1D1M1D1M1D1M1D1M1D1M1D1M1D1M1D1M1D1M1D1M1D1M1D1M1D1M1D1M1D1M1D1M1D1M1D1M1D1M1D1M1D1M1D1M1D1M1D1M1D1M1D1M1D1M1D1M1D1M1D1M1D1M1D1M1D1M1D1M1D1M1D1M1D1M1D1M1D1M1D1M1D1M1D1M1D1M1D1M1D1M1D1M1D1M1D1M1D1M1D1M1D1M
109,SRR316957.3003095,True,3640,0,1I1M1I1M1I1M1I1M1I1M1I1M1I1M1I1M1I1M1I1M1I1M1I1M1I1M1I1M1I1M1D1M1I1M1D1M1I1M1D1M1I1M1D1M1I1M1D1M1I1M1D1M1I1M1D1M1D1M1D1M1D1M1D1M1D1M1D1M1D1M1D1M1D1M1D1M1D1M1D1M1D1M1D1M1D1M1D1M1D1M1D1M1D1M1D1M1D1M1D1M1D1M1D1M1D1M1D2M
110,SRR316957.3021985,False,513,0,1I1M1I1M1I1M1D1M1D1M1D1M1D1M1D1M1D1M1D1M1D1M1D1M1D1M1D1M1D1M1D1M1D1M1D1M1D1M1D1M1D1M1D1M1D1M1D1M1D1M1D1M1D1M1D1M1D1M1D1M1D1M1D1M1D1M1D1M1D1M1D1M1D1M1D1M1D1M1D1M1D1M1D1M1D1M1D1M1D1M1D1M1D1M1D1M1D1M1D1M1D1M1D1M1D1M1D1M1D1M1D1M1D1M1D1M1D1M1D1M1D1M1D1M1D1M1D1M1D1M1D1M1D1M1D1M1D1M1D1M1D1M1D1M1D1M
111,SRR316957.3138272,False,4745,0,1I1M1I1M1I1M1D1M1D1M1D1M1D1M1D1M1D1M1D1M1D1M1D1M1D1M1D1M1D1M1D1M1D1M1D1M1D1M1D1M1D1M1D1M1D1M1D1M1D1M1D1M1D1M1D1M1D1M1D1M1D1M1D1M1D1M1D1M1D1M1D1M1D1M1D1M1D1M1D1M1D1M1D1M1D1M1D1M1D1M1D1M1D1M1D1M1D1M1D1M1D1M1D1M1D1M1D1M1D1M1D1M1D1M1D1M1D1M1D1M1D1M1D1M1D1M1D1M1D1M1D1M1D1M1D1M1D1M1D1M1D1M1D1M1D1M
112,SRR316957.3182658,True,3245,0,1I1M1I1M1I1M1I1M1I1M1I1M1I1M1I1M1I1M1I1M1I1M1I1M1I1M1I1M1I1M1I1M1I1M1I1M1I1M1D1M1I1M1D1M1D1M1D1M1D1M1D1M1D1M1D1M1D1M1D1M1D1M1D1M1D1M1D1M1D1M1D1M1D1M1D1M1D1M1D1M1D1M1D1M1D1M1D1M1D1M1D1M1D1M1D1M1D1M1D1M1D1M1D1M1D1M1D1M1D1M1D1M
113,SRR316957.3202680,True,3789,0,1I1M1I1M1I1M1D1M1D1M1D1M1D1M1D1M1D1M1D1M1D1M1D1M1D1M1D1M1D1M1D1M1D1M1D1M1D1M1D1M1D1M1D1M1D1M1D1M1D1M1D1M1D1M1D1M1D1M1D1M1D1M1D1M1D1M1D1M1D1M1D1M1D1M1D1M1D1M1D1M1D1M1D1M1D1M1D1M1D1M1D1M1D1M1D1M1D1M1D1M1D1M1D1M1D1M1D1M1D1M1D1M1D1M1D1M1D1M1D1M1D1M1D1M1D1M1D1M1D1M1D1M1D1M1D1M1D1M1D1M1D1M1D1M1D1M
114,SRR316957.3204857,False,402,0,1I1M1I1M1I1M1D1M1D1M1D1M1D1M1D1M1D1M1D1M1D1M1D1M1D1M1D1M1D1M1D1M1D1M1D1M1D1M1D1M1D1M1D1M1D1M1D1M1D1M1D1M1D1M1D1M1D1M1D1M1D1M1D1M1D1M1D1M1D1M1D1M1D1M1D1M1D1M1D1M1D1M1D1M1D1M1D1M1D1M1D1M1D1M1D1M1D1M1D1M1D1M1D1M1D1M1D1M1D1M1D1M1D1M1D1M1D1M1D1M1D1M1D1M1D1M1D1M1D1M1D1M1D1M1D1M1D1M1D1M1D1M1D1M1D1M
115,SRR316957.3207019,True,3100,0,1I1M1I1M1I1M1D1M1D1M1D1M1D1M1D1M1D1M1D1M1D1M1D1M1D1M1D1M1D1M1D1M1D1M1D1M1D1M1D1M1D1M1D1M1D1M1D1M1D1M1D1M1D1M1D1M1D1M1D1M1D1M1D1M1D1M1D1M1D1M1D1M1D1M1D1M1D1M1D1M1D1M1D1M1D1M1D1M1D1M1D1M1D1M1D1M1D1M1D1M1D1M1D1M1D1M1D1M1D1M1D1M1D1M1D1M1D1M1D1M1D1M1D1M1D1M1D1M1D1M1D1M1D1M1D1M1D1M1D1M1D1M1D1M1D1M
116,SRR316957.3313366,True,724,0,1I1M1I1M1I1M1D1M1D1M1D1M1D1M1D1M1D1M1D1M1D1M1D1M1D1M1D1M1D1M1D1M1D1M1D1M1D1M1D1M1D1M1D1M1D1M1D1M1D1M1D1M1D1M1D1M1D1M1D1M1D1M1D1M1D1M1D1M1D1M1D1M1D1M1D1M1D1M1D1M1D1M1D1M1D1M1D1M1D1M1D1M1D1M1D1M1D1M1D1M1D1M1D1M1D1M1D1M1D1M1D1M1D1M1D1M1D1M1D1M1D1M1D1M1D1M1D1M1D1M1D1M1D1M1D1M1D1M1D1M1D1M1D1M1D1M
117,SRR316957.3395891,True,9332,0,1I1M1I1M1I1M1D1M1D1M1D1M1D1M1D1M1D1M1D1M1D1M1D1M1D1M1D1M1D1M1D1M1D1M1D1M1D1M1D1M1D1M1D1M1D1M1D1M1D1M1D1M1D1M1D1M1D1M1D1M1D1M1D1M1D1M1D1M1D1M1D1M1D1M1D1M1D1M1D1M1D1M1D1M1D1M1D1M1D1M1D1M1D1M1D1M1D1M1D1M1D1M1D1M1D1M1D1M1D1M1D1M1D1M1D1M1D1M1D1M1D1M1D1M1D1M1D1M1D1M1D1M1D1M1D1M1D1M1D1M1D1M1D1M1D1M
118,SRR316957.3443504,False,9388,0,1I1M1I1M1I1M1D1M1D1M1D1M1D1M1D1M1D1M1D1M1D1M1D1M1D1M1D1M1D1M1D1M1D1M1D1M1D1M1D1M1D1M1D1M1D1M1D1M1D1M1D1M1D1M1D1M1D1M1D1M1D1M1D1M1D1M1D1M1D1M1D1M1D1M1D1M1D1M1D1M1D1M1D1M1D1M1D1M1D1M1D1M1D1M1D1M1D1M1D1M1D1M1D1M1D1M1D1M1D1M1D1M1D1M1D1M1D1M1D1M1D1M1D1M1D1M1D1M1D1M1D1M1D1M1D1M1D1M1D1M1D1M1D1M1D1M
119,SRR316957.3458706,True,9376,0,1I1M1I1M1I1M1D1M1D1M1D1M1D1M1D1M1D1M1D1M1D1M1D1M1D1M1D1M1D1M1D1M1D1M1D1M1D1M1D1M1D1M1D1M1D1M1D1M1D1M1D1M1D1M1D1M1D1M1D1M1D1M1D1M1D1M1D1M1D1M1D1M1D1M1D1M1D1M1D1M1D1M1D1M1D1M1D1M1D1M1D1M1D1M1D1M1D1M1D1M1D1M1D1M1D1M1D1M1D1M1D1M1D1M1D1M1D1M1D1M1D1M1D1M1D1M1D1M1D1M1D1M1D1M1D1M1D1M1D1M1D1M1D1M1D1M
120,SRR316957.3515103,True,3807,0,1I1M1I1M1I1M1D1M1D1M1D1M1D1M1D1M1D1M1D1M1D1M1D1M1D1M1D1M1D1M1D1M1D1M1D1M1D1M1D1M1D1M1D1M1D1M1D1M1D1M1D1M1D1M1D1M1D1M1D1M1D1M1D1M1D1M1D1M1D1M1D1M1D1M1D1M1D1M1D1M1D1M1D1M1D1M1D1M1D1M1D1M1D1M1D1M1D1M1D1M1D1M1D1M1D1M1D1M1D1M1D1M1D1M1D1M1D1M1D1M1D1M1D1M1D1M1D1M1D1M1D1M1D1M1D1M1D1M1D1M1D1M1D1M1D1M
121,SRR316957.3524093,True,9360,0,1I1M1I1M1I1M1D1M1D1M1D1M1D1M1D1M1D1M1D1M1D1M1D1M1D1M1D1M1D1M1D1M1D1M1D1M1D1M1D1M1D1M1D1M1D1M1D1M1D1M1D1M1D1M1D1M1D1M1D1M1D1M1D1M1D1M1D1M1D1M1D1M1D1M1D1M1D1M1D1M1D1M1D1M1D1M1D1M1D1M1D1M1D1M1D1M1D1M1D1M1D1M1D1M1D1M1D1M1D1M1D1M1D1M1D1M1D1M1D1M1D1M1D1M1D1M1D1M1D1M1D1M1D1M1D1M1D1M1D1M1D1M1D1M1D1M
122,SRR316957.3532517,True,3219,0,1I1M1I1M1I1M1I1M1I1M1I1M1I1M1I1M1I1M1I1M1I1M1I1M1I1M1I1M1I1M1I1M1I1M1I1M1I1M1I1M1D1M1D1M1D1M1D1M1D1M1D1M1D1M1D1M1D1M1D1M1D1M1D1M1D1M1D1M1D1M1D1M1D1M1D1M1D1M1D1M1D1M1D1M1D1M1D1M1D1M1D1M1D1M1D1M1D1M1D1M1D1M1D1M1D1M1D1M1D1M1D1M
123,SRR316957.3548817,True,3163,0,1I1M1I1M1I1M1I1M1I1M1I1M1I1M1I1M1I1M1I1M1D1M1D1M1D1M1D1M1D1M1D1M1D1M1D1M1D1M1D1M1D1M1D1M1D1M1D1M1D1M1D1M1D1M1D1M1D1M1D1M1D1M1D1M1D1M1D1M1D1M1D1M1D1M1D1M1D1M1D1M1D1M1D1M1D1M1D1M1D1M1D1M1D1M1D1M1D1M1D1M1D1M1D1M1D1M1D1M1D1M1D1M1D1M1D1M1D1M1D1M1D1M1D1M1D1M1D1M1D2M
124,SRR316957.3550023,True,3310,0,1I1M1I1M1I1M1I1M1D1M1I1M1D1M1I1M1D1M1I1M1D1M1I1M1D1M1I1M1D1M1I1M1D1M1I1M1D1M1I1M1D1M1I1M1D1M1I1M1D1M1I1M1D1M1I1M1D1M1I1M1D1M1I1M1D1M1I1M1D1M1I1M1D1M1I1M1D1M1I1M1D1M1I1M1D1M1I1M1D1M1I1M1D1M1D1M1D1M1D2M
125,SRR316957.3552224,False,8093,0,1I1M1I1M1I1M1I1M1D1M1D1M1D1M1D1M1D1M1D1M1D1M1D1M1D1M1D1M1D1M1D1M1D1M1D1M1D1M1D1M1D1M1D1M1D1M1D1M1D1M1D1M1D1M1D1M1D1M1D1M1D1M1D1M1D1M1D1M1D1M1D1M1D1M1D1M1D1M1D1M1D1M1D1M1D1M1D1M1D1M1D1M1D1M1D1M1D1M1D1M1D1M1D1M1D1M1D1M1D1M1D1M1D1M1D1M1D1M1D1M1D1M1D1M1D1M1D1M1D1M1D1M1D1M1D1M1D1M1D1M1D1M1D1M
126,SRR316957.3582369,True,2853,0,1I1M1I1M1I1M1D1M1D1M1D1M1D1M1D1M1D1M1D1M1D1M1D1M1D1M1D1M1D1M1D1M1D1M1D1M1D1M1D1M1D1M1D1M1D1M1D1M1D1M1D1M1D1M1D1M1D1M1D1M1D1M1D1M1D1M1D1M1D1M1D1M1D1M1D1M1D1M1D1M1D1M1D1M1D1M1D1M1D1M1D1M1D1M1D1M1D1M1D1M1D1M1D1M1D1M1D1M1D1M1D1M1D1M1D1M1D1M1D1M1D1M1D1M1D1M1D1M1D1M1D1M1D1M1D1M1D1M1D1M1D1M1D1M1D1M
127,SRR316957.3598317,False,6274,0,1I1M1I1M1I1M1D1M1D1M1D1M1D1M1D1M1D1M1D1M1D1M1D1M1D1M1D1M1D1M1D1M1D1M1D1M1D1M1D1M1D1M1D1M1D1M1D1M1D1M1D1M1D1M1D1M1D1M1D1M1D1M1D1M1D1M1D1M1D1M1D1M1D1M1D1M1D1M1D1M1D1M1D1M1D1M1D1M1D1M1D1M1D1M1D1M1D1M1D1M1D1M1D1M1D1M1D1M1D1M1D1M1D1M1D1M1D1M1D1M1D1M1D1M1D1M1D1M1D1M1D1M1D1M1D1M1D1M1D1M1D1M1D1M1D1M
128,SRR316957.3665681,False,846,0,1I1M1I1M1I1M1D1M1D1M1D1M1D1M1D1M1D1M1D1M1D1M1D1M1D1M1D1M1D1M1D1M1D1M1D1M1D1M1D1M1D1M1D1M1D1M1D1M1D1M1D1M1D1M1D1M1D1M1D1M1D1M1D1M1D1M1D1M1D1M1D1M1D1M1D1M1D1M1D1M1D1M1D1M1D1M1D1M1D1M1D1M1D1M1D1M1D1M1D1M1D1M1D1M1D1M1D1M1D1M1D1M1D1M1D1M1D1M1D1M1D1M1D1M1D1M1D1M1D1M1D1M1D1M1D1M1D1M1D1M1D1M1D1M1D1M
129,SRR316957.3733406,False,4751,0,1I1M1I1M1I1M1I1M1D1M1D1M1D1M1D1M1D1M1D1M1D1M1D1M1D1M1D1M1D1M1D1M1D1M1D1M1D1M1D1M1D1M1D1M1D1M1D1M1D1M1D1M1D1M1D1M1D1M1D1M1D1M1D1M1D1M1D1M1D1M1D1M1D1M1D1M1D1M1D1M1D1M1D1M1D1M1D1M1D1M1D1M1D1M1D1M1D1M1D1M1D1M1D1M1D1M1D1M1D1M1D1M1D1M1D1M1D1M1D1M1D1M1D1M1D1M1D1M1D1M1D1M1D1M1D1M1D1M1D1M1D1M1D1M
130,SRR316957.4062584,True,4232,0,1I1M1I1M1I1M1D1M1D1M1D1M1D1M1D1M1D1M1D1M1D1M1D1M1D1M1D1M1D1M1D1M1D1M1D1M1D1M1D1M1D1M1D1M1D1M1D1M1D1M1D1M1D1M1D1M1D1M1D1M1D1M1D1M1D1M1D1M1D1M1D1M1D1M1D1M1D1M1D1M1D1M1D1M1D1M1D1M1D1M1D1M1D1M1D1M1D1M1D1M1D1M1D1M1D1M1D1M1D1M1D1M1D1M1D1M1D1M1D1M1D1M1D1M1D1M1D1M1D1M1D1M1D1M1D1M1D1M1D1M1D1M1D1M1D1M
131,SRR316957.4064926,False,2582,0,1I1M1I1M1I1M1D1M1D1M1D1M1D1M1D1M1D1M1D1M1D1M1D1M1D1M1D1M1D1M1D1M1D1M1D1M1D1M1D1M1D1M1D1M1D1M1D1M1D1M1D1M1D1M1D1M1D1M1D1M1D1M1D1M1D1M1D1M1D1M1D1M1D1M1D1M1D1M1D1M1D1M1D1M1D1M1D1M1D1M1D1M1D1M1D1M1D1M1D1M1D1M1D1M1D1M1D1M1D1M1D1M1D1M1D1M1D1M1D1M1D1M1D1M1D1M1D1M1D1M1D1M1D1M1D1M1D1M1D1M1D1M1D1M1D1M
132,SRR316957.4070914,True,9342,0,1I1M1I1M1I1M1D1M1D1M1D1M1D1M1D1M1D1M1D1M1D1M1D1M1D1M1D1M1D1M1D1M1D1M1D1M1D1M1D1M1D1M1D1M1D1M1D1M1D1M1D1M1D1M1D1M1D1M1D1M1D1M1D1M1D1M1D1M1D1M1D1M1D1M1D1M1D1M1D1M1D1M1D1M1D1M1D1M1D1M1D1M1D1M1D1M1D1M1D1M1D1M1D1M1D1M1D1M1D1M1D1M1D1M1D1M1D1M1D1M1D1M1D1M1D1M1D1M1D1M1D1M1D1M1D1M1D1M1D1M1D1M1D1M1D1M
133,SRR316957.4073911,False,4843,0,1I1M1I1M1I1M1I1M1D1M1D1M1D1M1D1M1D1M1D1M1D1M1D1M1D1M1D1M1D1M1D1M1D1M1D1M1D1M1D1M1D1M1D1M1D1M1D1M1D1M1D1M1D1M1D1M1D1M1D1M1D1M1D1M1D1M1D1M1D1M1D1M1D1M1D1M1D1M1D1M1D1M1D1M1D1M1D1M1D1M1D1M1D1M1D1M1D1M1D1M1D1M1D1M1D1M1D1M1D1M1D1M1D1M1D1M1D1M1D1M1D1M1D1M1D1M1D1M1D1M1D1M1D1M1D1M1D1M1D1M1D1M1D1M
134,SRR316957.4100156,False,7244,0,1I1M1I1M1I1M1D1M1D1M1D1M1D1M1D1M1D1M1D1M1D1M1D1M1D1M1D1M1D1M1D1M1D1M1D1M1D1M1D1M1D1M1D1M1D1M1D1M1D1M1D1M1D1M1D1M1D1M1D1M1D1M1D1M1D1M1D1M1D1M1D1M1D1M1D1M1D1M1D1M1D1M1D1M1D1M1D1M1D1M1D1M1D1M1D1M1D1M1D1M1D1M1D1M1D1M1D1M1D1M1D1M1D1M1D1M1D1M1D1M1D1M1D1M1D1M1D1M1D1M1D1M1D1M1D1M1D1M1D1M1D1M1D1M1D1M
135,SRR316957.4123968,True,8417,0,1I1M1I1M1I1M1I1M1I1M1I1M1I1M1I1M1I1M1I1M1I1M1I1M1I1M1I1M1I1M1I1M1I1M1I1M1D1M1D1M1D1M1D1M1D1M1D1M1D1M1D1M1D1M1D1M1D1M1D1M1D1M1D1M1D1M1D1M1D1M1D1M1D1M1D1M1D1M1D1M1D1M1D1M1D1M1D1M1D1M1D1M1D1M1D1M1D1M1D1M1D1M1D1M1D1M1D1M1D1M1D1M1D1M1D1M
136,SRR316957.4195511,True,7663,0,1I1M1I1M1I1M1D1M1D1M1D1M1D1M1D1M1D1M1D1M1D1M1D1M1D1M1D1M1D1M1D1M1D1M1D1M1D1M1D1M1D1M1D1M1D1M1D1M1D1M1D1M1D1M1D1M1D1M1D1M1D1M1D1M1D1M1D1M1D1M1D1M1D1M1D1M1D1M1D1M1D1M1D1M1D1M1D1M1D1M1D1M1D1M1D1M1D1M1D1M1D1M1D1M1D1M1D1M1D1M1D1M1D1M1D1M1D1M1D1M1D1M1D1M1D1M1D1M1D1M1D1M1D1M1D1M1D1M1D1M1D1M1D2M
137,SRR316957.4218571,False,9352,0,1I1M1I1M1I1M1D1M1D1M1D1M1D1M1D1M1D1M1D1M1D1M1D1M1D1M1D1M1D1M1D1M1D1M1D1M1D1M1D1M1D1M1D1M1D1M1D1M1D1M1D1M1D1M1D1M1D1M1D1M1D1M1D1M1D1M1D1M1D1M1D1M1D1M1D1M1D1M1D1M1D1M1D1M1D1M1D1M1D1M1D1M1D1M1D1M1D1M1D1M1D1M1D1M1D1M1D1M1D1M1D1M1D1M1D1M1D1M1D1M1D1M1D1M1D1M1D1M1D1M1D1M1D1M1D1M1D1M1D1M1D1M1D1M1D1M
138,SRR316957.4288023,True,3250,0,1I1M1I1M1I1M1I1M1I1M1I1M1I1M1I1M1I1M1I1M1I1M1I1M1I1M1I1M1I1M1I1M1I1M1I1M1D1M1D1M1D1M1D1M1D1M1D1M1D1M1D1M1D1M1D1M1D1M1D1M1D1M1D1M1D1M1D1M1D1M1D1M1D1M1D1M1D1M1D1M1D1M1D1M1D1M1D1M1D1M1D1M1D1M1D1M1D1M1D1M1D1M1D1M1D1M1D1M1D1M1D1M1D2M
139,SRR316957.4294041,False,346,0,1I1M1I1M1I1M1I1M1D1M1D1M1D1M1D1M1D1M1D1M1D1M1D1M1D1M1D1M1D1M1D1M1D1M1D1M1D1M1D1M1D1M1D1M1D1M1D1M1D1M1D1M1D1M1D1M1D1M1D1M1D1M1D1M1D1M1D1M1D1M1D1M1D1M1D1M1D1M1D1M1D1M1D1M1D1M1D1M1D1M1D1M1D1M1D1M1D1M1D1M1D1M1D1M1D1M1D1M1D1M1D1M1D1M1D1M1D1M1D1M1D1M1D1M1D1M1D1M1D1M1D1M1D1M1D1M1D1M1D1M1D1M1D1M
140,SRR316957.4332968,True,8195,0,1I1M1I1M1I1M1I1M1I1M1I1M1I1M1I1M1D1M1D1M1D1M1D1M1D1M1D1M1D1M1D1M1D1M1D1M1D1M1D1M1D1M1D1M1D1M1D1M1D1M1D1M1D1M1D1M1D1M1D1M1D1M1D1M1D1M1D1M1D1M1D1M1D1M1D1M1D1M1D1M1D1M1D1M1D1M1D1M1D1M1D1M1D1M1D1M1D1M1D1M1D1M1D1M1D1M1D1M1D1M1D1M1D1M1D1M1D1M1D1M1D1M1D1M1D1M1D1M1D1M1D1M1D1M1D1M
141,SRR316957.4367594,False,5848,0,1I1M1I1M1I1M1I1M1D1M1I1M1D1M1I1M1D1M1I1M1D1M1I1M1D1M1I1M1D1M1I1M1D1M1I1M1D1M1I1M1D1M1I1M1D1M1I1M1D1M1I1M1D1M1I1M1D1M1I1M1D1M1I1M1D1M1I1M1D1M1I1M1D1M1I1M1D1M1I1M1D1M1I1M1D1M1I1M1D1M1I1M1D1M1D1M1D1M1D2M
142,SRR316957.4384496,False,872,0,1I1M1I1M1I1M1D1M1D1M1D1M1D1M1D1M1D1M1D1M1D1M1D1M1D1M1D1M1D1M1D1M1D1M1D1M1D1M1D1M1D1M1D1M1D1M1D1M1D1M1D1M1D1M1D1M1D1M1D1M1D1M1D1M1D1M1D1M1D1M1D1M1D1M1D1M1D1M1D1M1D1M1D1M1D1M1D1M1D1M1D1M1D1M1D1M1D1M1D1M1D1M1D1M1D1M1D1M1D1M1D1M1D1M1D1M1D1M1D1M1D1M1D1M1D1M1D1M1D1M1D1M1D1M1D1M1D1M1D1M1D1M1D1M1D1M
143,SRR316957.4402661,True,5923,0,1I1M1I1M1I1M1I1M1D1M1I1M1D1M1I1M1D1M1I1M1D1M1I1M1D1M1I1M1D1M1I1M1D1M1I1M1D1M1I1M1D1M1I1M1D1M1I1M1D1M1I1M1D1M1I1M1D1M1I1M1D1M1I1M1D1M1I1M1D1M1I1M1D1M1I1M1D1M1I1M1D1M1I1M1D1M1I1M1D1M1I1M1D1M1D1M1D1M1D2M
144,SRR316957.4430898,False,4663,0,1I1M1I1M1I1M1D1M1D1M1D1M1D1M1D1M1D1M1D1M1D1M1D1M1D1M1D1M1D1M1D1M1D1M1D1M1D1M1D1M1D1M1D1M1D1M1D1M1D1M1D1M1D1M1D1M1D1M1D1M1D1M1D1M1D1M1D1M1D1M1D1M1D1M1D1M1D1M1D1M1D1M1D1M1D1M1D1M1D1M1D1M1D1M1D1M1D1M1D1M1D1M1D1M1D1M1D1M1D1M1D1M1D1M1D1M1D1M1D1M1D1M1D1M1D1M1D1M1D1M1D1M1D1M1D1M1D1M1D1M1D1M1D1M1D1M
145,SRR316957.4431466,False,8223,0,1I1M1I1M1I1M1I1M1I1M1I1M1I1M1I1M1I1M1I1M1I1M1I1M1D1M1D1M1D1M1D1M1D1M1D1M1D1M1D1M1D1M1D1M1D1M1D1M1D1M1D1M1D1M1D1M1D1M1D1M1D1M1D1M1D1M1D1M1D1M1D1M1D1M1D1M1D1M1D1M1D1M1D1M1D1M1D1M1D1M1D1M1D1M1D1M1D1M1D1M1D1M1D1M1D1M1D1M1D1M1D1M1D1M1D1M1D1M1D1M1D1M1D1M1D1M1D1M
146,SRR316957.4432188,False,4739,0,1I1M1I1M1I1M1I1M1D1M1D1M1D1M1D1M1D1M1D1M1D1M1D1M1D1M1D1M1D1M1D1M1D1M1D1M1D1M1D1M1D1M1D1M1D1M1D1M1D1M1D1M1D1M1D1M1D1M1D1M1D1M1D1M1D1M1D1M1D1M1D1M1D1M1D1M1D1M1D1M1D1M1D1M1D1M1D1M1D1M1D1M1D1M1D1M1D1M1D1M1D1M1D1M1D1M1D1M1D1M1D1M1D1M1D1M1D1M1D1M1D1M1D1M1D1M1D1M1D1M1D1M1D1M1D1M1D1M1D1M1D1M1D1M
147,SRR316957.4455349,False,8248,0,1I1M1I1M1I1M1I1M1D1M1I1M1D1M1I1M1D1M1I1M1D1M1I1M1D1M1I1M1D1M1I1M1D1M1I1M1D1M1I1M1D1M1I1M1D1M1I1M1D1M1I1M1D1M1I1M1D1M1I1M1D1M1I1M1D1M1I1M1D1M1I1M1D1M1I1M1D1M1I1M1D1M1I1M1D1M1I1M1D1M1I1M1D1M1D1M1D1M1D2M
148,SRR316957.4457924,False,1458,0,1I1M1I1M1I1M1D1M1D1M1D1M1D1M1D1M1D1M1D1M1D1M1D1M1D1M1D1M1D1M1D1M1D1M1D1M1D1M1D1M1D1M1D1M1D1M1D1M1D1M1D1M1D1M1D1M1D1M1D1M1D1M1D1M1D1M1D1M1D1M1D1M1D1M1D1M1D1M1D1M1D1M1D1M1D1M1D1M1D1M1D1M1D1M1D1M1D1M1D1M1D1M1D1M1D1M1D1M1D1M1D1M1D1M1D1M1D1M1D1M1D1M1D1M1D1M1D1M1D1M1D1M1D1M1D1M1D1M1D1M1D1M1D1M1D1M
149,SRR316957.4466668,False,356,0,1I1M1I1M1I1M1D1M1D1M1D1M1D1M1D1M1D1M1D1M1D1M1D1M1D1M1D1M1D1M1D1M1D1M1D1M1D1M1D1M1D1M1D1M1D1M1D1M1D1M1D1M1D1M1D1M1D1M1D1M1D1M1D1M1D1M1D1M1D1M1D1M1D1M1D1M1D1M1D1M1D1M1D1M1D1M1D1M1D1M1D1M1D1M1D1M1D1M1D1M1D1M1D1M1D1M1D1M1D1M1D1M1D1M1D1M1D1M1D1M1D1M1D1M1D1M1D1M1D1M1D1M1D1M1D1M1D1M1D1M1D1M1D1M1D1M
150,SRR316957.4474955,False,9604,0,1I1M1I1M1I1M1D1M1D1M1D1M1D1M1D1M1D1M1D1M1D1M1D1M1D1M1D1M1D1M1D1M1D1M1D1M1D1M1D1M1D1M1D1M1D1M1D1M1D1M1D1M1D1M1D1M1D1M1D1M1D1M1D1M1D1M1D1M1D1M1D1M1D1M1D1M1D1M1D1M1D1M1D1M1D1M1D1M1D1M1D1M1D1M1D1M1D1M1D1M1D1M1D1M1D1M1D1M1D1M1D1M1D1M1D1M1D1M1D1M1D1M1D1M1D1M1D1M1D1M1D1M1D1M1D1M1D1M1D1M1D1M1D1M1D1M
151,SRR316957.4528727,True,3175,0,1I1M1I1M1I1M1I1M1I1M1I1M1I1M1I1M1I1M1I1M1I1M1I1M1I1M1I1M1I1M1I1M1D1M1D1M1D1M1D1M1D1M1D1M1D1M1D1M1D1M1D1M1D1M1D1M1D1M1D1M1D1M1D1M1D1M1D1M1D1M1D1M1D1M1D1M1D1M1D1M1D1M1D1M1D1M1D1M1D1M1D1M1D1M1D1M1D1M1D1M1D1M1D1M1D1M1D1M1D1M1D1M1D1M1D1M1D1M1D1M
152,SRR316957.4540855,False,4851,0,1I1M1I1M1I1M1I1M1D1M1D1M1D1M1D1M1D1M1D1M1D1M1D1M1D1M1D1M1D1M1D1M1D1M1D1M1D1M1D1M1D1M1D1M1D1M1D1M1D1M1D1M1D1M1D1M1D1M1D1M1D1M1D1M1D1M1D1M1D1M1D1M1D1M1D1M1D1M1D1M1D1M1D1M1D1M1D1M1D1M1D1M1D1M1D1M1D1M1D1M1D1M1D1M1D1M1D1M1D1M1D1M1D1M1D1M1D1M1D1M1D1M1D1M1D1M1D1M1D1M1D1M1D1M1D1M1D1M1D1M1D1M1D1M
153,SRR316957.4604243,True,3232,0,1I1M1I1M1I1M1I1M1I1M1I1M1I1M1I1M1I1M1I1M1I1M1I1M1I1M1I1M1I1M1I1M1I1M1I1M1D1M1D1M1D1M1D1M1D1M1D1M1D1M1D1M1D1M1D1M1D1M1D1M1D1M1D1M1D1M1D1M1D1M1D1M1D1M1D1M1D1M1D1M1D1M1D1M1D1M1D1M1D1M1D1M1D1M1D1M1D1M1D1M1D1M1D1M1D1M1D1M1D1M1D1M1D1M1D1M
154,SRR316957.4611934,False,8229,0,1I1M1I1M1I1M1I1M1I1M1I1M1I1M1I1M1D1M1I1M1D1M1I1M1D1M1I1M1D1M1I1M1D1M1I1M1D1M1I1M1D1M1I1M1D1M1I1M1D1M1I1M1D1M1I1M1D1M1I1M1D1M1I1M1D1M1I1M1D1M1I1M1D1M1I1M1D1M1I1M1D1M1D1M1D1M1D1M1D1M1D1M1D1M1D1M1D1M1D1M1D1M1D1M
155,SRR316957.4612648,True,928,0,1I1M1I1M1I1M1D1M1D1M1D1M1D1M1D1M1D1M1D1M1D1M1D1M1D1M1D1M1D1M1D1M1D1M1D1M1D1M1D1M1D1M1D1M1D1M1D1M1D1M1D1M1D1M1D1M1D1M1D1M1D1M1D1M1D1M1D1M1D1M1D1M1D1M1D1M1D1M1D1M1D1M1D1M1D1M1D1M1D1M1D1M1D1M1D1M1D1M1D1M1D1M1D1M1D1M1D1M1D1M1D1M1D1M1D1M1D1M1D1M1D1M1D1M1D1M1D1M1D1M1D1M1D1M1D1M1D1M1D1M1D1M1D1M1D1M
156,SRR316957.4616870,True,3206,0,1I1M1I1M1I1M1I1M1I1M1I1M1I1M1I1M1I1M1I1M1I1M1I1M1I1M1I1M1I1M1I1M1D1M1I1M1D1M1I1M1D1M1I1M1D1M1I1M1D1M1I1M1D1M1D1M1D1M1D1M1D1M1D1M1D1M1D1M1D1M1D1M1D1M1D1M1D1M1D1M1D1M1D1M1D1M1D1M1D1M1D1M1D1M1D1M1D1M1D1M1D1M1D1M1D1M1D1M1D1M
157,SRR316957.4636113,True,3907,0,1I1M1I1M1I1M1D1M1D1M1D1M1D1M1D1M1D1M1D1M1D1M1D1M1D1M1D1M1D1M1D1M1D1M1D1M1D1M1D1M1D1M1D1M1D1M1D1M1D1M1D1M1D1M1D1M1D1M1D1M1D1M1D1M1D1M1D1M1D1M1D1M1D1M1D1M1D1M1D1M1D1M1D1M1D1M1D1M1D1M1D1M1D1M1D1M1D1M1D1M1D1M1D1M1D1M1D1M1D1M1D1M1D1M1D1M1D1M1D1M1D1M1D1M1D1M1D1M1D1M1D1M1D1M1D1M1D1M1D1M1D1M1D1M1D1M
158,SRR316957.4651421,False,3145,0,1I1M1I1M1I1M1I1M1D1M1I1M1D1M1I1M1D1M1I1M1D1M1I1M1D1M1I1M1D1M1I1M1D1M1I1M1D1M1I1M1D1M1I1M1D1M1I1M1D1M1I1M1D1M1I1M1D1M1I1M1D1M1I1M1D1M1I1M1D1M1I1M1D1M1I1M1D1M1I1M1D1M1I1M1D1M1I1M1D1M1I1M1D1M1D1M1D1M1D2M
159,SRR316957.4707951,False,3123,0,1I1M1I1M1I1M1I1M1D1M1D1M1D1M1D1M1D1M1D1M1D1M1D1M1D1M1D1M1D1M1D1M1D1M1D1M1D1M1D1M1D1M1D1M1D1M1D1M1D1M1D1M1D1M1D1M1D1M1D1M1D1M1D1M1D1M1D1M1D1M1D1M1D1M1D1M1D1M1D1M1D1M1D1M1D1M1D1M1D1M1D1M1D1M1D1M1D1M1D1M1D1M1D1M1D1M1D1M1D1M1D1M1D1M1D1M1D1M1D1M1D1M1D1M1D1M1D1M1D1M1D1M1D1M1D1M1D1M1D1M1D1M1D1M
160,SRR316957.4743546,False,8061,0,1I1M1I1M1I1M1I1M1D1M1D1M1D1M1D1M1D1M1D1M1D1M1D1M1D1M1D1M1D1M1D1M1D1M1D1M1D1M1D1M1D1M1D1M1D1M1D1M1D1M1D1M1D1M1D1M1D1M1D1M1D1M1D1M1D1M1D1M1D1M1D1M1D1M1D1M1D1M1D1M1D1M1D1M1D1M1D1M1D1M1D1M1D1M1D1M1D1M1D1M1D1M1D1M1D1M1D1M1D1M1D1M1D1M1D1M1D1M1D1M1D1M1D1M1D1M1D1M1D1M1D1M1D1M1D1M1D1M1D1M1D1M1D1M
161,SRR316957.4754895,True,4384,0,1I1M1I1M1I1M1D1M1D1M1D1M1D1M1D1M1D1M1D1M1D1M1D1M1D1M1D1M1D1M1D1M1D1M1D1M1D1M1D1M1D1M1D1M1D1M1D1M1D1M1D1M1D1M1D1M1D1M1D1M1D1M1D1M1D1M1D1M1D1M1D1M1D1M1D1M1D1M1D1M1D1M1D1M1D1M1D1M1D1M1D1M1D1M1D1M1D1M1D1M1D1M1D1M1D1M1D1M1D1M1D1M1D1M1D1M1D1M1D1M1D1M1D1M1D1M1D1M1D1M1D1M1D1M1D1M1D1M1D1M1D1M1D1M1D1M
162,SRR316957.4771756,False,9340,0,1I1M1I1M1I1M1D1M1D1M1D1M1D1M1D1M1D1M1D1M1D1M1D1M1D1M1D1M1D1M1D1M1D1M1D1M1D1M1D1M1D1M1D1M1D1M1D1M1D1M1D1M1D1M1D1M1D1M1D1M1D1M1D1M1D1M1D1M1D1M1D1M1D1M1D1M1D1M1D1M1D1M1D1M1D1M1D1M1D1M1D1M1D1M1D1M1D1M1D1M1D1M1D1M1D1M1D1M1D1M1D1M1D1M1D1M1D1M1D1M1D1M1D1M1D1M1D1M1D1M1D1M1D1M1D1M1D1M1D1M1D1M1D1M1D1M
163,SRR316957.4796926,False,5425,0,1I1M1I1M1I1M1I1M1I1M1I1M1I1M1D1M1D1M1D1M1D1M1D1M1D1M1D1M1D1M1D1M1D1M1D1M1D1M1D1M1D1M1D1M1D1M1D1M1D1M1D1M1D1M1D1M1D1M1D1M1D1M1D1M1D1M1D1M1D1M1D1M1D1M1D1M1D1M1D1M1D1M1D1M1D1M1D1M1D1M1D1M1D1M1D1M1D1M1D1M1D1M1D1M1D1M1D1M1D1M1D1M1D1M1D1M1D1M1D1M1D1M1D1M1D1M1D1M1D1M1D1M1D1M1D1M1D1M
164,SRR316957.4802895,True,3195,0,1I1M1I1M1I1M1I1M1I1M1I1M1I1M1I1M1I1M1I1M1I1M1D1M1D1M1D1M1D1M1D1M1D1M1D1M1D1M1D1M1D1M1D1M1D1M1D1M1D1M1D1M1D1M1D1M1D1M1D1M1D1M1D1M1D1M1D1M1D1M1D1M1D1M1D1M1D1M1D1M1D1M1D1M1D1M1D1M1D1M1D1M1D1M1D1M1D1M1D1M1D1M1D1M1D1M1D1M1D1M1D1M1D1M1D1M1D1M1D1M1D1M1D1M1D1M1D1M1D1M
165,SRR316957.4815474,True,3251,0,1I1M1I1M1I1M1I1M1D1M1I1M1D1M1I1M1D1M1I1M1D1M1I1M1D1M1I1M1D1M1I1M1D1M1I1M1D1M1I1M1D1M1I1M1D1M1I1M1D1M1I1M1D1M1I1M1D1M1I1M1D1M1I1M1D1M1I1M1D1M1I1M1D1M1I1M1D1M1I1M1D1M1I1M1D1M1I1M1D1M1I1M1D1M1D1M1D1M1D2M
166,SRR316957.4827280,True,3195,0,1I1M1I1M1I1M1I1M1I1M1I1M1I1M1I1M1I1M1I1M1I1M1I1M1I1M1I1M1I1M1I1M1D1M1D1M1D1M1D1M1D1M1D1M1D1M1D1M1D1M1D1M1D1M1D1M1D1M1D1M1D1M1D1M1D1M1D1M1D1M1D1M1D1M1D1M1D1M1D1M1D1M1D1M1D1M1D1M1D1M1D1M1D1M1D1M1D1M1D1M1D1M1D1M1D1M1D1M1D1M1D1M1D1M1D1M1D1M1D1M
167,SRR316957.4857922,True,862,0,1I1M1I1M1I1M1D1M1D1M1D1M1D1M1D1M1D1M1D1M1D1M1D1M1D1M1D1M1D1M1D1M1D1M1D1M1D1M1D1M1D1M1D1M1D1M1D1M1D1M1D1M1D1M1D1M1D1M1D1M1D1M1D1M1D1M1D1M1D1M1D1M1D1M1D1M1D1M1D1M1D1M1D1M1D1M1D1M1D1M1D1M1D1M1D1M1D1M1D1M1D1M1D1M1D1M1D1M1D1M1D1M1D1M1D1M1D1M1D1M1D1M1D1M1D1M1D1M1D1M1D1M1D1M1D1M1D1M1D1M1D1M1D1M1D1M
168,SRR316957.4860407,False,802,0,1I1M1I1M1I1M1D1M1D1M1D1M1D1M1D1M1D1M1D1M1D1M1D1M1D1M1D1M1D1M1D1M1D1M1D1M1D1M1D1M1D1M1D1M1D1M1D1M1D1M1D1M1D1M1D1M1D1M1D1M1D1M1D1M1D1M1D1M1D1M1D1M1D1M1D1M1D1M1D1M1D1M1D1M1D1M1D1M1D1M1D1M1D1M1D1M1D1M1D1M1D1M1D1M1D1M1D1M1D1M1D1M1D1M1D1M1D1M1D1M1D1M1D1M1D1M1D1M1D1M1D1M1D1M1D1M1D1M1D1M1D1M1D1M1D1M
169,SRR316957.4912264,True,3219,0,1I1M1I1M1I1M1I1M1D1M1I1M1D1M1I1M1D1M1I1M1D1M1I1M1D1M1I1M1D1M1I1M1D1M1I1M1D1M1I1M1D1M1I1M1D1M1I1M1D1M1I1M1D1M1I1M1D1M1I1M1D1M1I1M1D1M1I1M1D1M1I1M1D1M1I1M1D1M1I1M1D1M1I1M1D1M1I1M1D1M1I1M1D1M1D1M1D1M1D2M
170,SRR316957.4935545,False,9318,0,1I1M1I1M1I1M1D1M1D1M1D1M1D1M1D1M1D1M1D1M1D1M1D1M1D1M1D1M1D1M1D1M1D1M1D1M1D1M1D1M1D1M1D1M1D1M1D1M1D1M1D1M1D1M1D1M1D1M1D1M1D1M1D1M1D1M1D1M1D1M1D1M1D1M1D1M1D1M1D1M1D1M1D1M1D1M1D1M1D1M1D1M1D1M1D1M1D1M1D1M1D1M1D1M1D1M1D1M1D1M1D1M1D1M1D1M1D1M1D1M1D1M1D1M1D1M1D1M1D1M1D1M1D1M1D1M1D1M1D1M1D1M1D1M1D1M
171,SRR316957.4945221,False,5864,0,1I1M1I1M1I1M1I1M1I1M1I1M1I1M1I1M1I1M1I1M1I1M1I1M1I1M1I1M1I1M1I1M1I1M1I1M1D1M1D1M1D1M1D1M1D1M1D1M1D1M1D1M1D1M1D1M1D1M1D1M1D1M1D1M1D1M1D1M1D1M1D1M1D1M1D1M1D1M1D1M1D1M1D1M1D1M1D1M1D1M1D1M1D1M1D1M1D1M1D1M1D1M1D1M1D1M1D1M1D1M1D1M1D1M1D1M
